Area,Garage,FirePlace,Baths,White Marble,Black Marble,Indian Marble,Floors,City,Solar,Electric,Fiber,Glass Doors,Swiming Pool,Garden,Prices
164,2,0,2,0,1,0,0,3,1,1,1,1,0,0,43800
84,2,0,4,0,0,1,1,2,0,0,0,1,1,1,37550
190,2,4,4,1,0,0,0,2,0,0,1,0,0,0,49500
75,2,4,4,0,0,1,1,1,1,1,1,1,1,1,50075
148,1,4,2,1,0,0,1,2,1,0,0,1,1,1,52400
124,3,3,3,0,1,0,1,1,0,0,1,1,1,1,54300
58,1,0,2,0,0,1,0,3,0,1,1,1,0,1,34400
249,2,1,1,1,0,0,1,1,0,1,0,1,1,0,50425
243,1,0,2,0,0,1,1,1,0,0,0,0,1,0,29575
242,1,2,4,0,0,1,0,2,1,0,0,0,1,0,22300
61,2,4,5,0,0,1,1,1,1,0,1,1,1,1,49725
189,2,0,4,0,1,0,0,2,1,1,0,1,1,1,31675
160,2,0,2,0,1,0,1,1,1,1,0,1,0,0,39950
5,3,3,3,1,0,0,1,3,1,1,1,0,1,0,64375
160,3,3,1,0,0,1,1,3,0,0,0,0,1,0,38500
215,3,4,1,0,0,1,0,1,0,0,0,0,1,1,18625
113,1,0,5,0,1,0,1,3,1,0,0,0,1,0,42325
244,3,3,3,0,1,0,1,1,1,0,1,0,0,0,53100
197,2,3,5,0,1,0,1,3,0,1,0,1,0,0,53625
102,2,3,2,0,0,1,1,3,1,1,0,0,0,0,38300
154,3,4,5,1,0,0,1,2,1,1,1,0,0,0,67850
4,3,3,5,1,0,0,0,1,1,1,1,0,0,0,44850
51,1,1,3,0,0,1,0,1,1,1,0,1,0,1,17725
220,1,1,4,0,0,1,1,2,1,1,1,0,0,1,49000
20,3,0,3,0,1,0,1,3,0,0,0,1,1,1,44700
171,1,1,3,1,0,0,0,3,1,0,0,1,1,1,40475
34,1,2,4,1,0,0,1,2,1,1,0,1,1,0,51800
53,2,3,2,0,0,1,0,3,1,0,1,0,1,0,32575
122,3,1,1,0,1,0,1,1,1,1,1,0,1,1,47300
180,1,2,4,1,0,0,0,3,0,1,1,0,0,0,51000
110,1,1,4,0,1,0,1,3,0,1,1,1,1,1,58950
238,2,4,3,1,0,0,0,1,1,1,0,0,0,1,35700
146,3,4,3,0,0,1,1,3,1,0,0,1,0,0,46100
66,3,4,4,0,0,1,0,3,1,1,0,1,0,1,31600
139,1,4,5,0,0,1,1,3,1,0,1,1,1,1,57175
30,3,4,1,1,0,0,0,2,0,1,1,1,0,0,48950
5,1,3,1,0,0,1,0,1,1,1,0,0,1,0,11125
212,3,1,3,0,0,1,1,1,0,0,0,1,0,1,38250
237,3,1,4,0,1,0,0,3,1,0,1,1,1,1,49125
35,3,3,2,0,1,0,0,3,1,1,1,1,0,0,44325
97,1,0,2,1,0,0,1,2,1,0,1,0,1,0,55425
193,1,1,4,1,0,0,1,1,1,1,1,1,0,1,63275
36,1,2,1,0,1,0,0,2,0,1,0,1,0,1,23850
179,3,0,1,1,0,0,1,2,1,1,0,1,1,0,53175
155,1,1,4,0,1,0,0,1,1,1,1,0,1,1,33875
136,3,1,5,0,0,1,0,1,0,1,1,0,1,0,32400
207,3,4,4,1,0,0,0,2,0,0,1,1,0,1,55875
65,2,0,3,0,0,1,1,2,1,0,0,1,1,1,36075
246,3,1,5,0,1,0,1,1,1,1,1,1,0,1,59850
14,3,1,3,0,1,0,0,1,1,1,0,0,1,1,20350
217,1,2,3,1,0,0,1,2,0,1,1,1,0,0,66625
233,1,2,1,1,0,0,0,1,1,0,1,0,0,1,40575
237,1,3,4,1,0,0,1,3,0,1,0,1,1,0,60875
2,1,2,4,0,0,1,1,2,0,0,1,0,1,1,42800
163,2,4,5,0,1,0,1,1,0,1,1,1,0,1,58275
173,2,1,5,0,1,0,0,3,1,1,1,0,0,1,44075
71,2,1,1,0,0,1,0,1,0,0,0,0,1,0,11275
37,3,0,1,0,1,0,1,1,1,1,0,0,0,1,32675
150,1,0,3,1,0,0,1,2,1,0,1,0,0,1,58000
222,3,1,4,1,0,0,1,3,1,1,1,1,1,1,74000
197,1,1,3,0,0,1,1,2,1,0,1,1,0,1,50375
149,3,3,5,1,0,0,0,3,1,1,1,0,1,1,55475
161,3,4,4,1,0,0,1,3,0,0,0,1,1,0,61475
62,2,1,2,1,0,0,0,1,0,1,1,1,1,1,43750
144,1,1,2,0,0,1,1,3,1,1,1,0,1,0,48100
238,2,3,4,0,0,1,0,1,1,1,0,1,0,0,26650
240,1,0,3,1,0,0,1,1,0,1,0,1,0,1,50450
187,3,4,5,0,0,1,0,1,1,1,0,1,0,0,28875
79,2,0,2,0,1,0,0,1,1,1,0,1,1,0,22925
44,3,1,1,1,0,0,1,1,0,0,0,0,0,0,41100
62,1,3,2,1,0,0,1,1,0,0,0,0,1,1,41300
2,1,2,1,1,0,0,0,2,0,1,1,1,0,0,43750
101,3,2,4,0,0,1,0,1,1,1,0,0,1,0,19525
164,1,2,5,1,0,0,1,2,1,1,1,0,0,0,63600
30,1,3,2,0,1,0,1,2,1,0,0,1,1,1,39700
115,1,3,2,1,0,0,0,3,1,0,0,0,1,0,34875
112,3,2,4,0,1,0,1,3,1,0,0,1,1,1,50000
183,3,1,4,0,0,1,1,1,0,1,1,0,0,1,47325
70,1,1,1,0,0,1,1,2,0,1,0,1,1,1,33950
108,2,1,2,1,0,0,1,3,1,1,1,1,0,0,67150
152,2,2,2,0,0,1,1,2,1,0,1,1,0,1,50250
18,3,1,2,0,0,1,0,3,0,1,0,0,1,0,20950
84,3,0,2,0,1,0,1,3,1,0,1,1,0,1,57050
68,2,3,4,0,1,0,0,3,0,1,0,1,1,0,34150
245,1,4,5,0,1,0,1,3,0,0,1,1,0,1,64575
249,2,0,3,1,0,0,0,1,1,0,0,1,0,1,36175
30,2,4,5,0,1,0,1,3,1,0,0,0,1,1,44750
118,1,3,2,1,0,0,1,2,0,0,1,0,0,0,57950
128,2,3,3,0,0,1,1,2,1,1,1,0,1,1,48450
112,2,3,5,0,0,1,0,2,1,1,1,1,0,0,40000
213,2,1,1,1,0,0,1,3,0,1,1,1,1,0,68275
73,1,0,2,0,1,0,1,2,1,0,0,0,1,1,34075
231,2,2,3,0,1,0,1,3,1,0,1,1,0,0,61975
215,2,4,1,0,0,1,0,3,0,0,1,1,1,0,40325
183,3,4,5,0,1,0,1,3,1,0,1,1,1,0,66275
142,3,3,1,0,0,1,0,2,0,0,0,1,0,0,24000
195,1,1,5,1,0,0,0,1,0,1,0,1,1,0,37575
133,1,1,4,1,0,0,1,2,1,1,1,1,0,1,65275
233,1,0,2,0,1,0,1,1,0,0,0,1,0,0,38775
99,3,0,3,0,0,1,0,3,1,1,1,1,0,0,39925
235,3,1,5,1,0,0,0,1,1,0,0,0,0,0,36125
221,1,3,5,1,0,0,1,3,0,0,0,0,1,1,56025
144,2,0,1,0,0,1,0,3,1,0,1,0,1,1,31350
241,2,1,4,0,1,0,1,3,1,0,1,1,1,1,62725
206,2,0,1,1,0,0,1,2,0,1,1,0,0,0,59400
40,3,4,4,1,0,0,1,2,1,1,1,1,1,1,68200
143,1,4,2,0,1,0,0,2,0,1,0,1,1,0,29275
47,2,3,4,1,0,0,0,2,0,0,1,1,0,0,49625
214,1,3,2,0,0,1,1,1,0,0,0,1,1,0,35550
95,2,3,3,0,1,0,1,1,1,0,0,1,1,1,40575
57,2,0,2,0,0,1,0,2,1,0,0,0,0,0,15175
5,2,1,4,0,1,0,0,2,1,1,0,1,0,0,27825
79,3,3,1,0,0,1,0,3,0,0,0,1,1,0,25925
104,1,4,4,1,0,0,1,1,0,0,0,1,1,0,50050
196,3,1,3,0,1,0,1,3,1,1,0,1,0,0,51350
162,1,3,3,0,1,0,1,3,0,1,0,1,0,1,48750
67,3,4,1,1,0,0,1,3,1,0,1,0,0,0,62925
169,1,4,4,0,0,1,1,1,0,0,0,1,0,1,37675
216,3,2,5,0,0,1,0,1,1,0,1,0,0,1,34150
106,1,2,5,0,1,0,1,2,0,1,0,0,1,1,41150
182,1,4,2,0,1,0,0,2,0,1,1,1,1,1,42000
76,2,1,4,1,0,0,1,3,1,0,0,1,1,1,55850
22,3,4,4,1,0,0,0,3,0,0,0,0,1,0,38550
113,2,1,2,0,1,0,0,1,0,0,1,0,0,0,30325
57,1,2,3,0,0,1,1,1,0,1,0,1,1,0,33375
150,1,4,3,0,1,0,0,2,1,0,1,0,1,1,37000
1,2,2,3,0,0,1,0,3,1,1,1,1,1,1,37475
209,1,3,3,0,1,0,0,1,1,0,1,1,0,1,38675
33,3,2,3,1,0,0,1,1,0,1,1,0,0,1,57075
160,3,3,5,0,1,0,1,1,1,0,1,1,1,0,57950
229,2,1,1,0,0,1,0,2,0,1,0,1,1,0,24425
18,3,4,2,0,1,0,0,1,1,1,1,1,1,1,37650
87,3,0,5,0,1,0,1,2,1,1,0,0,1,0,42425
246,1,0,5,0,0,1,0,2,1,0,0,0,0,0,22150
142,3,2,2,0,1,0,0,2,1,1,0,0,1,0,26550
144,2,3,4,0,0,1,1,1,1,0,0,0,1,0,33600
88,1,4,5,0,0,1,0,2,0,1,1,0,0,0,33950
77,3,4,3,1,0,0,1,1,1,1,1,0,0,0,59925
134,3,3,3,0,1,0,1,1,1,0,1,0,1,0,50350
140,3,1,3,0,1,0,1,2,0,1,1,1,0,0,57950
148,2,1,5,0,0,1,0,2,1,0,0,1,1,0,26400
54,1,2,3,0,0,1,1,2,0,1,1,1,1,0,48550
229,3,2,3,1,0,0,0,2,1,1,1,0,0,0,50725
139,3,0,2,0,1,0,1,2,1,1,0,1,1,1,44425
38,2,0,4,0,0,1,0,2,1,0,1,1,1,1,33400
76,1,2,5,0,0,1,0,1,0,0,0,0,0,0,15650
91,1,2,3,0,1,0,0,3,1,1,1,1,0,1,43225
249,3,2,2,0,1,0,0,3,1,1,0,0,1,0,32725
247,2,0,3,0,1,0,1,3,0,1,0,0,0,0,45675
236,1,4,3,0,1,0,0,1,0,1,1,0,0,1,36650
170,2,4,1,1,0,0,1,2,1,1,0,0,1,0,50000
245,2,2,5,0,1,0,1,3,0,1,1,0,1,1,61375
29,3,2,3,0,0,1,0,3,1,0,0,1,1,0,26675
78,3,4,3,1,0,0,0,3,0,1,1,0,0,0,51700
205,1,0,4,1,0,0,1,3,0,0,0,0,1,0,52125
201,3,1,2,0,0,1,0,1,1,0,1,0,1,0,29275
205,1,0,5,1,0,0,0,1,1,0,1,1,0,0,47825
200,2,2,2,1,0,0,1,1,1,0,0,1,1,1,50200
18,3,2,1,0,0,1,1,3,1,1,1,0,1,0,47450
172,3,3,5,1,0,0,0,1,1,1,1,1,1,0,53500
22,2,0,2,0,1,0,1,3,0,0,1,1,1,1,53750
4,1,0,1,0,0,1,0,2,1,0,1,0,1,1,22850
128,3,2,2,0,0,1,1,3,0,0,1,0,0,1,49950
117,2,4,5,0,1,0,0,1,1,0,1,0,0,0,36675
166,3,0,3,0,0,1,0,3,1,1,0,1,0,1,29850
218,1,3,5,0,0,1,1,3,1,0,1,0,1,0,53950
5,3,4,2,0,1,0,0,1,1,1,1,0,1,0,32875
32,2,4,3,0,0,1,1,3,0,0,0,0,1,1,37050
99,1,4,3,1,0,0,1,1,0,0,0,0,0,0,44225
156,1,0,4,1,0,0,0,3,0,0,0,1,1,0,40350
150,3,4,5,1,0,0,1,3,0,0,1,0,0,1,69750
210,3,3,3,0,1,0,0,1,1,1,0,1,1,0,31200
61,3,0,5,1,0,0,0,2,0,1,1,0,1,0,47275
206,1,1,2,1,0,0,1,1,0,1,0,1,1,1,49100
6,2,2,2,0,1,0,1,3,0,0,0,1,1,0,43100
95,1,3,2,0,0,1,0,3,0,0,1,0,1,0,31875
242,2,1,5,0,1,0,0,2,0,0,0,1,0,1,33500
4,1,1,5,1,0,0,0,3,1,0,0,0,0,1,34350
203,3,2,2,1,0,0,1,2,0,1,0,1,1,1,56275
96,1,3,2,0,1,0,1,3,1,0,1,0,0,0,52150
152,2,0,3,0,0,1,0,3,1,0,1,1,0,1,38500
162,1,0,3,0,0,1,1,1,1,1,0,1,0,0,34750
215,1,1,2,1,0,0,1,1,1,1,1,0,0,1,56875
160,2,3,2,0,0,1,0,2,1,0,1,1,1,1,36200
31,1,3,5,1,0,0,0,2,1,1,0,1,1,1,38725
35,3,0,1,1,0,0,0,2,0,0,0,0,0,1,28625
213,2,1,2,0,0,1,0,1,1,0,1,1,0,1,32525
122,2,4,2,1,0,0,1,3,0,0,0,1,0,0,56500
243,1,1,3,1,0,0,0,1,0,1,0,0,0,0,31825
97,2,4,2,1,0,0,1,3,1,0,0,1,1,1,56125
95,1,0,3,0,1,0,0,1,0,0,1,0,0,0,28875
80,3,3,2,0,1,0,0,3,0,0,0,0,0,0,27750
104,2,3,3,0,1,0,1,1,0,0,0,1,1,0,40550
21,1,1,4,0,1,0,1,1,1,0,0,0,1,1,32525
36,2,0,2,0,0,1,0,1,1,0,1,0,1,1,22900
12,2,1,4,0,0,1,0,2,0,0,1,0,0,0,28800
11,1,3,5,1,0,0,0,2,0,0,0,1,1,0,36725
201,1,4,4,0,0,1,0,1,1,0,1,1,1,1,35475
46,3,4,5,0,0,1,1,3,0,1,1,0,0,1,54400
236,3,0,3,1,0,0,0,2,1,0,1,0,0,1,48150
62,1,2,4,0,1,0,0,3,1,0,0,1,1,1,30750
22,1,3,3,1,0,0,0,2,0,1,0,1,1,0,35750
96,3,4,3,0,0,1,0,2,0,0,0,1,0,1,26100
24,2,3,1,0,0,1,1,3,1,0,0,0,1,1,33850
231,2,0,3,0,1,0,1,3,0,1,0,1,0,1,49725
71,3,0,4,1,0,0,0,3,1,0,0,0,0,0,37025
86,2,0,4,0,0,1,1,3,0,1,0,0,0,0,37900
186,2,1,1,1,0,0,1,2,0,1,1,1,1,1,64100
69,3,4,1,1,0,0,0,2,1,1,0,1,1,1,38425
112,1,0,4,1,0,0,0,2,1,1,0,0,1,1,32800
150,3,0,3,0,1,0,0,3,1,0,1,1,1,0,44950
217,1,1,1,0,1,0,1,1,1,0,1,0,1,0,45425
101,1,2,5,0,1,0,0,1,1,0,0,1,1,0,25975
174,3,2,5,1,0,0,0,2,0,0,1,1,1,1,54800
61,3,3,4,0,0,1,0,3,1,1,1,1,0,0,42475
49,2,4,5,0,0,1,1,3,0,0,0,0,1,1,39975
95,2,0,1,0,0,1,0,1,0,0,1,0,1,0,22875
121,2,0,2,1,0,0,1,3,1,1,0,1,0,1,54975
179,3,0,1,1,0,0,1,3,1,1,0,0,0,1,52225
199,1,4,5,0,1,0,0,2,0,1,0,1,1,0,34425
209,3,4,1,0,0,1,0,2,0,0,1,0,0,1,33725
125,1,3,1,0,0,1,1,3,1,1,0,0,1,1,36125
193,3,1,4,1,0,0,0,2,1,1,1,0,1,1,50325
47,3,0,1,0,1,0,0,2,0,1,1,1,1,1,37375
25,1,1,1,0,0,1,0,1,1,0,1,1,1,1,25075
217,2,1,5,1,0,0,0,1,0,1,0,0,1,1,35175
9,1,3,5,0,0,1,1,2,1,0,1,0,0,0,45225
23,1,1,2,1,0,0,0,2,1,1,0,1,0,0,33275
142,1,0,2,0,0,1,1,3,0,0,0,1,1,0,38500
93,2,4,2,0,1,0,0,1,0,1,0,0,1,0,21575
119,1,0,2,0,0,1,0,3,1,0,0,1,1,1,23175
192,2,3,4,1,0,0,0,1,1,0,1,1,0,1,50000
148,3,0,2,1,0,0,1,1,1,0,0,0,0,0,44450
7,2,1,1,0,0,1,1,2,0,0,1,1,0,1,44375
176,2,3,4,1,0,0,0,1,0,0,1,1,0,0,49350
69,1,2,4,1,0,0,1,2,1,1,0,0,0,0,48225
151,2,1,1,0,0,1,0,3,0,1,1,0,0,0,33275
94,3,2,3,1,0,0,1,2,0,0,1,0,1,0,60850
121,2,3,5,1,0,0,0,3,0,1,1,1,0,0,57475
85,3,1,1,1,0,0,0,1,0,0,1,1,1,1,43325
19,2,2,1,0,0,1,1,2,1,1,0,1,1,0,35175
87,3,4,5,1,0,0,0,1,0,1,0,0,0,1,35675
236,3,4,2,0,0,1,0,3,0,1,1,0,1,1,40400
107,2,0,3,0,1,0,0,3,0,1,0,1,0,1,31625
133,2,0,5,1,0,0,1,3,0,0,1,1,1,1,69275
49,1,0,4,0,0,1,1,3,1,1,0,1,1,1,40175
58,2,3,5,0,1,0,1,3,1,0,1,1,0,1,60900
74,3,2,2,1,0,0,0,1,1,1,0,0,1,0,30350
62,3,0,5,1,0,0,0,3,1,1,1,0,0,0,51050
104,1,1,5,0,0,1,0,1,1,0,0,0,0,0,15850
43,1,4,2,0,1,0,0,2,0,1,0,1,1,0,26775
52,3,3,5,0,1,0,1,3,1,1,0,1,0,0,51750
173,2,3,1,1,0,0,1,2,1,0,1,0,0,0,59825
102,2,0,3,1,0,0,0,1,1,0,0,0,0,0,28050
190,1,1,4,0,1,0,1,1,1,0,0,0,0,1,36750
160,3,0,1,0,1,0,1,3,0,0,1,1,0,1,57450
173,2,1,1,0,0,1,1,2,1,1,1,0,0,1,45575
13,2,4,2,1,0,0,1,3,1,1,0,1,0,0,55275
157,2,3,1,0,1,0,0,2,0,1,0,0,0,1,24675
109,3,2,3,0,1,0,0,3,0,1,0,0,1,1,30225
123,1,3,5,1,0,0,1,2,1,1,1,0,1,1,63325
136,2,0,2,0,1,0,1,2,1,1,0,0,1,1,38400
151,3,0,2,0,1,0,0,2,0,1,1,0,1,1,36775
167,2,0,2,0,0,1,1,2,1,0,0,1,0,1,37375
7,2,2,2,0,0,1,0,3,0,1,0,0,1,1,19925
187,1,3,4,0,0,1,1,1,1,1,0,1,0,1,38875
37,2,0,5,0,1,0,1,2,0,1,1,1,1,0,55625
127,2,2,3,0,0,1,1,1,0,1,0,1,1,0,36625
189,3,4,5,0,0,1,1,1,0,0,0,0,1,1,37975
107,3,0,2,1,0,0,0,1,0,0,1,0,0,0,39925
212,3,0,1,0,0,1,0,2,1,1,0,0,1,1,20550
125,3,0,2,1,0,0,0,2,1,0,1,1,0,0,48575
75,2,3,2,0,0,1,1,1,0,0,0,0,0,0,29125
134,1,2,2,0,0,1,1,2,1,1,1,0,1,0,45100
247,2,1,1,0,0,1,1,2,1,1,0,0,1,0,35675
155,1,1,1,0,0,1,1,3,1,0,1,1,0,0,50325
38,3,4,1,0,1,0,0,2,1,1,1,0,0,1,35950
75,3,1,4,1,0,0,1,3,1,1,0,1,0,1,58575
137,2,4,3,0,0,1,0,3,1,0,0,1,0,0,29375
165,3,4,3,0,0,1,0,1,0,1,0,1,1,0,25575
65,3,3,5,0,0,1,1,1,0,0,1,0,1,1,45875
27,1,4,5,0,0,1,0,3,0,0,0,1,0,1,27375
193,2,0,1,0,0,1,1,3,0,0,0,0,0,0,35575
21,3,1,1,0,1,0,0,1,0,0,1,0,0,1,28275
65,3,0,4,0,1,0,0,2,1,0,1,1,0,1,40575
17,1,1,4,0,1,0,0,3,1,1,1,1,0,1,41875
84,3,1,5,0,0,1,0,3,0,1,0,1,0,1,30800
133,2,4,3,0,0,1,1,1,1,1,0,1,0,0,38525
164,2,4,3,1,0,0,0,3,0,1,1,0,1,1,52350
233,3,3,4,1,0,0,1,2,0,0,0,1,1,0,59025
143,3,1,4,1,0,0,1,3,0,1,0,1,1,0,60025
213,3,1,1,1,0,0,0,3,1,0,0,0,1,0,37575
248,3,4,5,1,0,0,0,3,1,1,0,0,0,0,46950
24,3,1,4,0,1,0,1,3,1,0,1,1,1,1,58800
228,1,3,1,0,0,1,1,1,1,0,1,0,0,0,42200
234,2,2,5,0,1,0,0,1,1,1,0,0,0,0,27600
73,1,2,3,1,0,0,1,2,0,1,0,0,0,1,46825
32,3,3,5,1,0,0,0,3,1,0,1,1,1,0,55750
118,3,3,1,0,0,1,0,3,1,1,0,1,1,0,28400
87,1,0,3,0,0,1,1,1,0,0,0,1,1,1,31375
25,1,0,4,1,0,0,1,3,1,1,0,0,1,1,49125
245,1,0,4,0,0,1,1,1,1,1,1,1,0,1,49825
119,3,0,3,0,1,0,1,1,1,0,1,1,0,0,52175
65,2,2,1,1,0,0,0,2,1,1,0,1,1,1,35325
143,3,2,2,0,0,1,1,3,0,0,1,0,0,1,50325
133,1,3,3,0,1,0,0,2,0,1,1,1,1,1,41275
238,1,0,2,1,0,0,1,2,1,1,0,0,0,0,48450
181,2,0,5,0,1,0,0,1,1,0,1,0,1,1,35275
150,1,3,3,1,0,0,0,3,1,0,0,1,0,0,41450
112,1,2,4,0,1,0,1,1,0,1,1,1,1,1,52750
10,2,3,5,0,1,0,1,3,0,1,1,1,0,1,60700
77,3,3,3,0,0,1,1,3,0,0,0,0,1,1,38925
178,1,2,1,1,0,0,1,1,0,0,0,1,1,1,46650
226,1,3,2,0,1,0,1,3,0,0,1,0,1,0,55150
140,3,2,1,1,0,0,0,3,0,1,0,1,1,1,41950
232,1,4,1,1,0,0,1,2,1,1,1,1,1,1,66250
224,1,3,3,0,0,1,1,3,0,1,0,0,0,1,40850
183,2,3,5,1,0,0,1,2,0,0,0,0,0,0,53075
144,3,4,1,1,0,0,1,1,1,1,0,0,0,1,47350
145,3,0,2,0,1,0,1,2,1,0,1,0,1,1,50625
122,2,2,1,0,1,0,0,1,0,0,1,0,0,0,30050
70,1,2,4,1,0,0,1,3,1,0,1,0,0,0,62250
107,2,1,2,1,0,0,0,3,0,1,0,0,1,0,35675
66,3,4,5,0,0,1,0,3,1,0,1,0,1,0,38900
127,2,3,1,0,1,0,1,1,0,0,1,1,0,0,50375
214,2,3,3,0,0,1,0,2,0,1,0,1,0,0,28050
147,1,3,1,1,0,0,1,3,0,0,1,1,0,0,65375
66,3,3,1,1,0,0,0,3,0,1,1,0,0,0,48150
12,2,3,2,0,0,1,1,1,1,0,0,0,0,0,27800
91,3,1,3,1,0,0,0,2,1,0,1,0,0,1,45275
4,3,4,4,0,0,1,0,2,0,1,0,0,0,0,21850
39,2,0,2,0,1,0,1,1,0,1,0,0,1,1,32225
61,2,1,5,1,0,0,0,1,1,0,0,1,0,1,34725
35,3,0,2,1,0,0,1,3,0,0,0,0,0,0,48375
107,1,3,3,1,0,0,1,1,0,0,0,0,0,1,43675
249,2,1,5,0,0,1,1,1,0,0,0,0,0,0,35725
15,3,4,3,0,0,1,1,3,0,1,0,1,0,1,43825
75,1,4,4,0,1,0,0,3,1,0,0,1,0,1,32575
82,2,1,4,0,1,0,1,1,0,1,1,0,0,0,48300
58,2,2,2,1,0,0,1,1,1,1,1,0,0,1,55200
223,2,2,3,0,0,1,0,2,1,1,1,0,0,1,35075
31,2,1,2,0,1,0,0,3,0,0,0,1,0,0,27975
84,2,4,4,0,0,1,1,3,0,0,1,1,0,1,55800
134,3,2,1,1,0,0,1,1,0,0,1,1,0,1,60300
192,1,3,5,0,1,0,0,3,0,1,1,1,0,1,48750
102,1,3,4,1,0,0,1,1,1,0,0,0,1,0,45050
244,2,1,1,0,1,0,1,2,0,1,1,1,0,0,56550
223,2,3,1,0,1,0,1,1,1,1,0,1,1,0,42525
136,3,3,4,1,0,0,0,1,1,0,0,1,0,0,38350
48,1,0,2,0,1,0,1,3,0,1,1,1,1,1,54150
115,2,4,2,0,1,0,0,3,0,0,1,0,0,0,39625
85,1,3,4,0,0,1,0,1,1,0,0,0,1,1,15625
98,2,2,2,1,0,0,0,1,1,1,1,1,1,0,45650
48,2,1,3,0,0,1,0,2,0,1,1,1,1,0,34150
117,2,2,4,1,0,0,1,2,1,0,1,0,1,1,61425
195,1,1,4,0,0,1,0,1,1,0,1,0,0,1,28625
13,1,0,5,0,0,1,0,2,1,0,0,0,0,1,16325
186,2,1,5,0,0,1,1,2,1,1,0,1,1,0,43600
214,2,3,5,1,0,0,0,3,1,0,0,1,1,0,47050
82,2,0,3,1,0,0,1,2,1,1,1,1,0,1,63500
148,2,0,4,0,1,0,0,3,1,1,0,0,0,0,29700
177,3,1,2,0,0,1,1,2,0,0,0,0,0,0,35175
85,1,0,2,1,0,0,1,3,1,0,0,1,0,0,51325
173,2,0,4,1,0,0,0,2,0,0,1,0,1,1,46075
94,2,1,2,1,0,0,0,1,1,1,0,1,1,1,33050
96,1,3,5,0,0,1,0,3,1,0,0,1,1,0,28600
68,1,3,1,0,0,1,0,3,0,0,1,0,0,0,29950
134,1,0,5,1,0,0,1,2,0,1,1,1,1,0,65550
130,3,1,3,0,1,0,0,3,0,1,0,0,1,0,30000
153,2,2,2,0,0,1,0,1,1,1,1,0,0,0,28575
194,1,4,4,0,0,1,0,3,0,0,1,1,1,1,42050
169,1,3,3,1,0,0,0,1,0,1,1,0,0,0,43225
209,1,0,4,1,0,0,0,3,1,1,0,1,1,1,43175
16,3,2,2,0,1,0,0,3,1,0,0,0,1,0,25650
83,3,0,5,0,0,1,1,3,1,0,0,1,1,0,44025
103,1,2,5,0,0,1,1,3,1,1,1,1,1,1,56025
33,1,4,4,0,0,1,1,2,1,0,1,0,0,1,45325
147,1,4,2,0,1,0,0,3,0,1,1,1,0,0,44625
4,1,3,2,0,0,1,1,3,0,0,1,0,0,1,44600
232,1,4,1,0,1,0,1,3,1,0,1,0,0,1,55050
65,1,3,3,0,0,1,0,1,0,1,0,0,0,1,14875
20,2,0,2,0,1,0,0,1,0,0,0,1,0,1,19950
235,2,1,5,0,1,0,0,1,0,0,0,0,0,1,25375
27,3,2,1,0,1,0,1,2,1,0,0,0,1,1,36175
222,2,3,4,0,0,1,0,1,1,1,1,1,0,0,38000
112,2,0,2,1,0,0,0,1,1,1,1,1,1,1,44500
183,3,3,2,1,0,0,0,3,1,0,0,0,0,1,39575
196,2,3,1,0,0,1,1,3,1,0,0,0,1,0,38150
177,2,2,3,1,0,0,1,3,0,1,1,0,0,1,66175
10,3,4,3,1,0,0,0,3,0,1,0,1,1,0,42700
216,3,1,2,0,0,1,1,2,0,0,0,0,0,0,36150
38,1,2,5,1,0,0,1,2,0,0,0,0,0,1,47200
98,2,0,5,0,0,1,1,3,0,0,0,0,1,1,38200
4,1,2,5,0,1,0,0,1,1,0,1,1,1,0,35300
202,2,1,2,0,1,0,0,2,0,1,0,0,0,1,25550
109,3,2,3,0,1,0,0,2,0,0,0,1,0,0,29925
114,3,1,5,0,1,0,1,2,1,0,0,1,0,1,47050
227,3,3,4,0,1,0,1,2,0,0,0,0,1,1,45425
165,1,1,4,0,1,0,1,2,0,0,1,0,1,1,51125
67,2,2,5,0,1,0,0,2,0,0,0,0,0,0,25425
91,2,4,2,0,1,0,0,2,0,0,0,0,0,1,23775
107,1,4,1,0,1,0,1,3,1,0,1,1,1,1,56375
198,3,4,3,0,0,1,0,1,0,0,0,0,1,1,20700
197,2,1,1,1,0,0,0,2,0,1,0,1,0,1,37625
191,1,1,5,0,1,0,1,3,0,0,0,1,0,0,49225
221,1,1,4,0,1,0,1,2,1,0,0,0,0,1,41025
186,3,3,2,0,0,1,1,3,1,0,0,1,0,1,45100
39,2,1,1,0,0,1,0,3,1,0,0,1,1,1,22175
77,3,4,5,0,0,1,0,3,1,1,1,0,0,1,40425
171,2,4,2,0,1,0,1,2,0,0,0,0,0,0,40775
34,2,1,3,1,0,0,0,3,1,0,1,0,1,1,45850
236,1,4,4,0,0,1,0,1,1,1,1,1,0,1,37600
50,3,4,4,0,1,0,1,1,1,1,0,0,1,1,39750
136,1,1,2,0,1,0,1,3,0,1,1,1,0,1,57100
201,2,4,3,1,0,0,0,3,0,1,1,0,0,0,53275
202,3,2,3,0,0,1,1,3,0,1,1,0,1,1,54300
173,1,4,2,0,1,0,0,2,0,0,0,0,1,1,24325
2,3,2,5,0,0,1,1,1,0,0,0,1,0,0,36250
83,2,1,5,0,1,0,0,3,0,0,0,1,0,0,33025
175,1,0,4,1,0,0,0,3,0,1,1,1,0,1,53825
17,3,2,1,0,1,0,0,2,1,1,1,1,0,1,38375
79,3,1,4,0,0,1,1,1,0,1,1,0,1,1,44725
34,3,4,2,0,1,0,0,3,0,0,0,0,1,0,27350
26,1,4,3,1,0,0,0,3,0,0,1,0,0,1,46150
200,2,0,5,0,0,1,1,3,0,1,1,0,0,1,53750
13,3,0,2,0,0,1,0,1,1,1,0,1,0,1,17775
236,3,2,4,0,1,0,0,1,0,1,0,1,0,0,32100
206,1,4,4,1,0,0,0,1,1,0,0,0,1,0,33400
159,2,0,4,1,0,0,0,1,0,1,0,0,0,1,31725
157,1,1,2,0,1,0,0,2,0,0,0,0,0,0,21675
193,2,4,2,0,0,1,0,3,0,0,1,1,1,1,41025
53,2,1,4,1,0,0,0,1,1,0,0,0,1,0,28825
10,3,1,1,0,1,0,0,1,0,1,0,0,0,1,17500
165,2,1,1,1,0,0,1,2,1,0,0,1,0,1,50825
186,2,4,5,0,1,0,1,1,0,0,1,1,0,0,57600
216,1,4,4,0,1,0,0,1,1,0,1,1,1,0,40850
115,3,4,4,0,0,1,0,2,1,1,0,1,0,0,29325
208,2,3,1,0,1,0,0,3,1,1,0,0,1,0,29700
66,3,2,3,1,0,0,0,3,0,0,1,0,1,1,48650
91,2,3,5,0,1,0,1,3,0,0,1,0,0,1,57025
46,3,0,4,1,0,0,1,1,1,1,1,0,1,1,57400
154,2,3,4,1,0,0,0,1,1,1,1,0,1,0,45850
138,1,4,3,0,0,1,1,1,1,0,1,0,0,1,43200
91,1,2,3,0,0,1,1,3,1,1,0,1,1,1,41475
190,3,4,5,1,0,0,1,1,1,1,1,1,0,0,69700
69,1,4,5,0,0,1,1,3,0,0,1,0,0,1,50725
36,3,4,1,0,1,0,0,1,0,0,0,0,1,0,19150
104,3,2,2,1,0,0,1,3,0,1,0,1,1,0,57300
141,2,1,3,1,0,0,1,3,0,1,1,0,1,1,64525
38,1,4,2,1,0,0,1,2,0,0,1,1,1,0,61150
213,1,2,3,0,0,1,0,3,1,1,1,1,0,0,41275
191,3,1,1,0,1,0,1,1,1,1,1,1,0,1,53475
182,3,1,2,1,0,0,0,1,0,1,0,0,1,1,32050
10,3,3,5,1,0,0,0,1,1,1,1,1,1,1,49450
189,3,3,4,0,1,0,1,1,0,1,1,1,1,0,58425
93,3,4,2,0,1,0,1,3,0,0,1,1,1,1,60025
87,3,1,4,0,0,1,1,3,0,0,0,0,0,1,38925
172,1,1,4,0,1,0,1,2,1,1,1,0,0,0,52800
153,1,1,4,0,0,1,0,2,1,0,0,1,1,1,23775
31,3,1,2,1,0,0,0,1,0,1,0,0,0,0,28275
225,1,2,1,0,0,1,1,2,0,0,1,1,1,1,49075
43,1,1,4,0,1,0,0,3,1,1,1,1,1,0,42525
198,3,0,5,0,0,1,0,1,1,1,0,0,1,1,21700
91,1,0,3,0,1,0,1,3,0,0,1,0,1,0,50775
53,2,4,2,0,0,1,1,3,1,1,1,0,1,0,49575
178,3,4,5,0,1,0,1,3,1,0,0,0,0,1,49950
45,1,0,3,1,0,0,0,2,0,0,1,1,1,0,44575
145,1,0,3,0,1,0,1,3,0,1,0,0,0,1,41625
126,2,3,1,1,0,0,1,3,1,1,1,0,1,0,63400
2,2,4,2,1,0,0,1,3,1,1,0,0,0,1,50550
72,3,4,3,1,0,0,0,3,1,1,1,0,0,1,51800
75,1,3,2,0,1,0,0,2,0,0,1,1,1,1,37325
37,3,4,2,0,1,0,0,2,0,1,0,1,0,0,29625
204,3,0,1,0,1,0,1,2,0,1,1,0,0,1,51850
173,2,4,5,0,0,1,1,2,1,1,1,0,0,0,52825
189,2,4,1,0,1,0,1,3,0,0,0,0,1,1,43475
11,1,3,4,1,0,0,0,1,0,1,1,0,0,1,40525
235,1,3,3,1,0,0,1,2,0,1,1,1,0,1,67825
22,2,3,2,0,0,1,0,2,1,1,0,0,0,1,17800
147,1,1,2,1,0,0,0,2,1,0,0,1,0,0,35125
216,3,2,4,1,0,0,0,2,0,1,1,0,1,1,51400
84,1,3,4,1,0,0,1,2,0,0,0,1,0,0,52300
242,2,1,3,0,0,1,0,2,0,1,0,0,0,1,22800
46,2,1,2,0,0,1,0,3,1,0,0,1,1,1,23600
10,1,3,1,0,1,0,1,2,0,1,0,0,1,1,34500
219,1,2,3,0,0,1,0,1,1,1,1,1,1,0,34425
113,1,1,2,0,0,1,0,3,0,1,0,0,0,1,20325
94,1,2,2,0,0,1,1,2,1,1,0,0,0,0,32350
33,3,1,4,0,0,1,0,1,0,1,1,1,0,1,33025
154,1,4,1,0,0,1,0,1,1,1,0,1,1,0,20050
6,1,1,2,0,0,1,0,2,0,1,1,0,0,1,25900
98,2,3,2,0,0,1,1,2,1,0,0,0,0,1,33450
100,1,3,4,0,1,0,0,2,0,0,1,1,1,1,40450
239,3,1,5,1,0,0,0,3,1,1,0,0,1,1,44475
150,3,0,3,1,0,0,0,3,0,1,0,1,0,1,43200
47,3,0,4,1,0,0,0,2,1,1,0,0,0,0,34175
7,2,0,3,0,1,0,1,1,0,0,1,1,1,0,47625
32,3,2,5,1,0,0,0,1,1,0,1,0,0,1,43550
161,3,3,5,1,0,0,0,2,1,0,1,1,0,0,55475
2,1,0,2,0,1,0,0,2,0,1,1,0,0,0,30050
118,2,0,3,0,0,1,0,1,0,0,1,0,0,1,25950
34,1,2,1,0,1,0,1,1,1,1,1,0,1,0,42850
147,1,0,2,0,1,0,0,3,0,0,0,1,1,0,28625
70,1,0,4,0,1,0,1,1,1,0,0,1,0,0,37450
192,2,4,5,0,0,1,1,2,1,0,0,0,0,1,40300
33,2,1,4,1,0,0,1,2,1,1,0,1,0,1,52525
92,3,3,2,0,1,0,1,2,0,0,0,1,0,0,44000
117,1,1,5,1,0,0,1,3,0,1,0,1,1,1,57625
233,1,4,3,1,0,0,0,1,0,0,1,1,1,1,48775
97,1,1,3,0,0,1,0,2,1,1,0,1,0,1,22375
88,2,3,4,0,1,0,1,3,1,1,0,1,0,0,49900
27,3,1,5,0,1,0,1,1,0,1,0,0,0,1,37925
29,3,0,5,0,1,0,0,3,1,0,0,1,0,1,32675
101,2,1,2,0,1,0,1,3,1,1,0,1,1,1,46225
247,2,2,5,0,1,0,1,1,0,0,1,1,1,0,57625
41,3,2,2,0,0,1,1,3,0,0,0,0,0,0,36025
22,3,1,4,0,1,0,1,1,1,1,1,0,0,1,48550
67,3,0,4,0,1,0,1,3,1,0,1,0,1,0,54675
97,1,0,1,0,1,0,0,2,1,1,1,0,1,1,31425
30,1,4,1,0,0,1,1,2,1,0,1,0,1,0,41500
182,1,0,2,0,1,0,0,1,1,1,1,0,0,1,31300
207,2,4,1,0,0,1,1,3,1,0,1,0,1,0,50925
35,1,2,2,0,1,0,0,3,1,0,0,0,1,0,23125
19,3,2,1,1,0,0,1,3,1,0,1,1,1,1,64675
41,2,0,5,0,0,1,1,1,0,1,0,1,0,0,35475
83,3,0,5,1,0,0,0,3,1,0,1,0,0,1,50325
247,1,4,1,1,0,0,1,1,0,1,0,1,1,1,51125
204,1,4,5,1,0,0,1,1,0,1,1,1,1,1,66800
171,2,4,2,0,0,1,0,2,1,0,0,1,0,1,25475
107,1,4,2,1,0,0,0,1,0,1,1,1,0,1,45625
148,1,3,2,1,0,0,1,1,1,0,1,0,0,0,55450
179,2,4,1,0,0,1,0,1,0,1,0,1,0,0,21925
41,1,3,5,1,0,0,1,3,0,0,1,1,1,1,67725
15,3,2,1,0,1,0,0,1,0,0,0,0,0,0,17125
9,2,1,2,1,0,0,0,1,0,1,1,0,0,0,37975
146,3,2,3,0,0,1,0,2,0,0,0,1,1,0,25850
131,1,0,3,0,1,0,1,1,1,0,1,0,1,1,45025
39,3,1,4,1,0,0,1,3,1,1,0,0,1,0,53225
118,1,3,1,0,1,0,0,1,0,1,0,0,0,1,18700
222,3,4,4,0,0,1,1,1,1,1,0,1,0,1,43500
116,2,2,3,1,0,0,0,1,0,0,0,1,1,1,34100
14,3,1,5,0,1,0,1,1,1,1,0,0,0,0,37850
33,2,3,3,0,0,1,0,1,0,1,1,1,1,0,31775
163,2,0,5,1,0,0,0,2,1,1,0,0,0,1,36825
155,3,4,2,0,0,1,0,3,0,0,1,1,1,0,41575
237,3,0,2,0,1,0,1,3,1,0,0,0,1,1,44675
136,1,2,4,1,0,0,1,2,1,0,0,1,1,1,53100
142,2,0,4,0,0,1,1,1,1,1,0,0,0,1,32550
215,1,0,2,0,0,1,1,2,1,0,1,1,0,1,48825
131,2,1,1,0,1,0,0,3,1,1,1,0,0,1,38025
126,1,3,1,0,1,0,1,1,0,0,0,0,0,0,32650
24,1,2,3,1,0,0,1,2,1,0,1,0,0,1,56350
117,3,4,5,0,1,0,0,2,1,1,1,1,0,1,47375
139,1,1,1,0,0,1,0,1,1,1,0,0,1,0,12975
45,2,2,2,0,1,0,0,2,0,1,0,1,1,1,26825
192,1,4,3,0,0,1,1,2,0,0,1,0,1,0,47800
38,2,4,5,0,0,1,1,2,0,1,0,1,1,0,41900
89,2,1,2,0,0,1,0,3,0,1,1,0,1,0,32975
34,2,2,5,0,1,0,0,2,1,0,0,1,0,1,29300
82,3,3,3,0,1,0,0,3,0,1,0,1,0,1,34750
111,1,3,1,0,0,1,0,2,1,0,0,1,1,0,20475
238,1,2,3,0,1,0,1,2,0,0,1,1,1,0,56900
180,3,0,5,1,0,0,1,2,1,1,1,1,0,1,69950
127,3,1,4,0,1,0,1,1,0,1,0,0,0,0,39175
98,2,1,1,1,0,0,0,3,0,1,1,0,1,1,45950
76,3,0,2,0,1,0,1,3,1,1,0,0,0,0,41900
55,1,1,1,1,0,0,0,1,0,1,1,0,1,0,36375
196,1,0,5,1,0,0,1,2,1,0,1,0,1,1,61650
218,1,0,1,0,1,0,0,2,0,1,1,1,1,1,38650
141,1,1,5,0,0,1,1,2,0,0,1,1,1,1,51225
24,2,1,3,0,0,1,0,3,0,1,0,0,0,0,20850
219,1,3,1,0,0,1,1,1,0,0,1,1,0,0,46175
51,2,1,4,0,1,0,0,2,1,1,0,0,0,1,24525
53,1,1,3,1,0,0,1,2,0,0,0,0,0,1,44325
162,2,4,1,1,0,0,1,3,1,1,0,1,1,0,57750
142,3,3,4,0,0,1,0,2,0,0,0,1,0,0,27750
150,2,1,4,0,1,0,1,1,0,1,0,1,1,1,42700
99,2,2,5,0,1,0,0,1,1,0,1,1,1,1,39175
204,2,1,5,0,1,0,1,2,1,0,1,1,1,1,59550
164,3,4,5,0,0,1,0,1,0,1,0,1,0,0,28050
103,2,2,3,1,0,0,1,3,0,0,0,0,1,0,51325
176,3,3,1,1,0,0,1,1,1,0,0,0,1,0,46150
173,3,2,1,0,0,1,0,2,0,0,1,0,1,0,31325
244,1,4,2,1,0,0,1,2,0,0,0,1,0,1,54550
21,2,2,1,1,0,0,0,3,1,0,1,0,0,0,43775
192,1,3,2,0,1,0,0,2,0,0,1,1,1,1,40250
126,1,4,3,0,1,0,0,2,1,1,1,0,0,1,37650
249,3,1,3,0,0,1,0,3,0,0,1,1,0,1,42925
248,1,0,2,0,1,0,1,3,0,1,1,1,1,1,59150
55,1,2,2,1,0,0,1,1,0,1,0,1,0,0,46075
23,1,1,4,0,0,1,1,2,0,1,0,1,0,1,36525
237,1,4,3,1,0,0,0,2,1,0,0,0,0,0,36425
130,3,3,4,0,1,0,1,2,0,1,1,1,0,1,60450
157,3,3,1,0,0,1,0,3,1,1,0,1,1,1,29375
146,2,3,3,0,0,1,1,2,1,0,1,1,0,0,52100
197,3,2,3,0,0,1,1,1,0,0,0,1,1,1,38625
167,2,0,4,0,1,0,1,2,1,1,0,0,1,0,41675
183,3,1,4,0,1,0,1,1,0,1,1,1,1,0,56775
139,3,0,2,1,0,0,0,3,1,1,1,1,1,0,53675
155,3,2,4,0,1,0,1,2,0,1,0,1,0,0,48575
13,3,1,4,0,1,0,0,2,1,1,1,1,1,1,41275
190,2,3,3,0,0,1,1,3,0,1,0,1,1,1,45950
28,3,0,5,1,0,0,0,1,1,0,1,0,1,0,41950
20,2,0,2,0,1,0,1,3,1,1,1,1,0,0,55200
64,3,0,5,0,0,1,1,2,1,0,0,1,0,1,40050
40,2,0,5,0,1,0,0,2,1,0,1,0,0,0,35250
24,3,1,5,0,1,0,0,1,1,0,0,1,1,0,26300
107,3,4,2,0,1,0,0,1,0,0,1,0,1,0,33925
49,3,1,5,0,0,1,0,2,1,1,0,1,1,0,26675
237,3,0,5,0,0,1,1,3,0,1,1,0,0,1,56175
83,1,1,3,0,1,0,0,3,0,0,1,1,0,0,40775
107,2,3,1,0,1,0,1,2,0,0,0,0,0,1,37175
18,1,2,5,0,0,1,0,1,1,0,0,1,0,1,18900
175,2,1,4,0,0,1,0,3,1,1,0,1,0,0,30575
142,1,0,2,0,0,1,1,3,0,1,1,1,1,0,51500
30,2,2,3,0,0,1,0,2,1,0,1,1,0,1,33450
209,2,0,5,1,0,0,1,2,0,1,0,0,0,1,52725
212,3,3,1,0,1,0,0,3,1,1,0,0,1,1,31300
234,3,3,1,0,1,0,0,2,0,0,0,0,1,0,26850
195,2,4,2,0,1,0,0,2,0,0,1,1,1,1,42575
237,3,1,4,1,0,0,0,2,1,0,0,1,0,1,42875
79,2,3,3,0,0,1,1,1,0,0,0,1,1,0,34925
113,3,1,5,1,0,0,1,2,1,1,0,0,1,1,52825
198,3,0,3,0,1,0,1,2,0,0,1,1,1,1,57400
34,1,2,4,1,0,0,1,1,1,1,0,0,0,1,43850
12,2,4,2,0,1,0,0,2,1,1,0,1,0,1,27750
222,3,3,5,1,0,0,0,1,1,0,1,1,1,1,53500
158,1,4,3,1,0,0,1,3,0,1,1,1,0,0,70150
115,3,4,4,0,0,1,0,2,1,1,0,1,0,1,29325
176,2,4,5,0,0,1,1,1,1,1,1,0,0,0,49400
36,2,1,2,1,0,0,1,1,0,0,0,1,1,1,45100
206,1,4,3,0,0,1,1,3,0,1,0,0,0,1,41150
71,1,3,4,0,0,1,1,2,1,1,0,0,0,1,35025
208,3,3,5,1,0,0,1,3,1,0,0,1,0,1,63400
69,2,3,4,1,0,0,0,1,1,0,1,0,0,0,42475
57,3,4,5,1,0,0,0,2,1,1,0,1,0,0,43125
183,2,3,1,0,1,0,0,1,1,1,1,1,0,1,38275
166,3,0,3,0,0,1,0,3,0,0,0,1,1,0,28350
69,2,3,2,0,1,0,0,3,0,1,0,1,1,1,31675
58,1,0,1,1,0,0,0,3,1,0,0,0,0,1,29950
238,3,0,3,0,1,0,1,2,1,0,0,1,1,1,46900
122,1,4,4,0,1,0,0,1,1,1,0,0,1,0,23550
134,3,1,4,0,0,1,1,3,0,0,1,0,1,0,51850
166,3,3,5,1,0,0,1,3,1,1,0,1,1,0,63600
216,3,1,1,0,0,1,1,1,1,1,0,1,1,0,37350
129,2,2,2,0,1,0,1,1,0,1,0,1,0,0,40425
100,1,0,4,0,1,0,1,2,1,1,1,0,0,0,50250
68,1,1,5,0,1,0,0,2,0,0,0,1,1,0,27650
28,2,1,1,1,0,0,1,3,0,0,1,0,0,0,57950
204,3,4,4,0,1,0,1,3,1,0,1,1,0,1,65550
6,1,4,1,0,0,1,1,3,1,1,1,0,1,1,45650
183,2,0,3,1,0,0,0,2,0,1,1,1,1,1,50775
22,2,0,4,0,1,0,0,2,1,0,1,0,0,1,33550
220,1,3,4,0,0,1,1,1,0,0,1,0,0,1,45500
101,1,1,2,1,0,0,1,2,0,0,0,0,0,1,44275
66,2,4,5,0,1,0,0,3,1,0,1,1,0,0,46850
143,2,2,2,0,1,0,0,3,1,0,0,0,1,0,27325
25,3,1,2,1,0,0,0,3,0,0,1,0,1,1,45625
24,1,3,4,1,0,0,1,1,1,1,0,0,1,1,44350
65,1,4,5,1,0,0,0,1,1,1,1,1,1,1,48575
136,3,3,1,0,0,1,0,1,1,0,1,0,0,0,27900
88,2,3,5,1,0,0,1,2,1,0,0,0,0,0,50950
188,2,4,5,1,0,0,0,3,1,0,1,0,1,0,54450
83,2,4,3,0,1,0,1,3,0,1,0,0,1,1,44575
207,1,2,2,0,1,0,0,1,1,0,0,1,0,0,24875
26,2,4,2,1,0,0,0,3,0,1,0,0,0,1,35900
110,2,2,5,1,0,0,0,1,1,0,0,0,0,1,32250
217,2,2,5,1,0,0,1,1,1,0,1,0,0,1,61675
82,1,4,2,0,0,1,1,3,0,1,1,1,1,1,53000
205,2,2,1,0,0,1,1,1,0,1,0,0,1,1,31625
114,1,0,4,0,1,0,1,2,0,0,1,1,1,1,53550
88,3,0,5,1,0,0,1,3,1,0,1,1,0,1,69900
123,1,1,1,0,1,0,1,3,0,0,0,1,0,1,42525
176,3,1,3,0,1,0,0,2,1,1,1,0,1,1,39650
228,3,1,1,0,1,0,0,2,0,1,1,1,1,1,42650
54,3,2,3,1,0,0,0,2,1,1,1,1,1,1,50800
21,2,1,5,1,0,0,1,2,1,1,0,1,0,1,53475
155,2,4,1,1,0,0,1,2,1,0,1,1,1,0,64575
108,2,0,2,0,0,1,0,3,1,1,0,1,1,0,25650
65,2,0,5,1,0,0,0,3,0,0,0,0,1,1,36375
14,1,0,2,0,1,0,0,2,1,1,1,1,0,1,35050
131,1,2,3,0,1,0,0,2,1,0,1,0,1,0,35025
234,1,4,2,1,0,0,0,2,0,1,1,0,0,0,47850
145,3,4,4,1,0,0,0,3,0,0,1,0,0,1,53375
140,2,4,2,1,0,0,1,1,1,1,0,0,1,0,47000
146,1,3,4,1,0,0,0,2,0,0,1,1,0,1,50600
133,1,4,1,1,0,0,1,2,0,1,1,1,0,1,63525
188,3,3,3,1,0,0,0,2,0,1,1,1,0,1,54650
51,1,0,1,1,0,0,1,2,0,1,1,0,1,0,54025
72,1,1,4,0,1,0,0,3,1,1,0,0,1,0,27050
33,1,4,1,0,0,1,0,1,1,0,0,0,1,1,11325
27,1,1,4,0,0,1,0,3,0,0,1,1,0,0,35625
153,1,1,2,1,0,0,1,2,1,1,1,0,0,1,58825
193,1,1,4,0,0,1,1,2,1,1,1,1,0,0,52775
167,2,1,2,1,0,0,1,3,0,0,1,0,1,1,62675
12,1,2,1,0,0,1,1,3,0,1,0,0,0,0,32300
235,2,1,1,0,1,0,0,1,0,1,1,1,0,0,37825
184,1,2,5,0,0,1,1,3,1,0,0,0,1,1,40600
134,1,1,3,0,0,1,1,2,1,0,1,1,0,0,48800
122,1,3,1,1,0,0,1,1,1,1,0,0,1,0,43050
69,2,4,1,0,0,1,1,3,0,0,1,1,0,0,51675
49,3,4,4,0,0,1,0,1,0,0,0,1,1,1,22675
220,1,0,2,1,0,0,0,2,1,0,1,0,0,1,43500
206,1,2,4,0,0,1,0,2,1,1,0,0,0,0,22650
198,1,0,2,1,0,0,1,2,1,1,1,1,0,1,63650
243,2,2,4,0,0,1,1,3,1,0,0,0,1,1,42325
24,2,3,2,0,1,0,1,2,0,1,1,0,1,1,49350
36,2,0,4,1,0,0,1,1,1,0,1,1,0,1,58850
184,3,2,5,0,1,0,0,3,1,1,1,1,1,1,51050
211,3,0,5,0,1,0,1,3,0,1,1,0,1,0,60525
182,2,1,2,1,0,0,1,1,0,0,1,0,1,1,56050
103,2,0,4,1,0,0,1,2,1,0,0,1,1,0,52275
10,3,1,1,0,1,0,0,3,1,0,1,0,0,1,35250
179,3,4,4,1,0,0,0,1,1,0,1,1,0,0,51925
157,2,1,2,0,0,1,0,3,0,1,1,0,0,0,34675
151,2,0,2,0,1,0,1,3,1,0,1,0,0,0,52775
94,2,3,5,1,0,0,0,1,0,1,1,1,1,1,49800
210,3,1,2,0,0,1,1,3,0,1,0,1,1,1,45200
44,1,1,3,0,0,1,0,3,1,1,0,1,0,0,24550
154,2,2,5,0,1,0,0,2,1,0,0,0,0,0,27850
216,3,3,3,0,0,1,1,1,1,1,0,0,1,1,36900
159,3,1,4,0,0,1,0,3,0,1,0,1,1,1,31425
132,1,3,5,0,0,1,1,3,1,0,1,0,1,1,51800
15,2,1,5,0,0,1,1,3,1,0,0,1,1,0,41575
113,2,2,1,0,0,1,1,3,1,1,1,1,0,0,52775
175,1,3,1,0,1,0,1,1,1,1,0,1,0,0,39825
221,2,0,3,0,0,1,1,2,0,1,1,0,0,0,48275
94,1,2,2,0,1,0,0,2,0,1,0,1,0,1,26550
234,3,1,1,0,0,1,0,1,1,1,0,0,1,1,18350
161,3,0,5,1,0,0,0,2,1,0,1,1,1,0,53225
93,3,4,3,1,0,0,1,2,0,0,0,0,1,0,50575
36,3,2,1,0,0,1,1,2,0,0,0,0,1,1,31150
23,2,4,4,0,1,0,0,3,1,1,0,0,0,0,29575
136,1,3,4,1,0,0,0,2,0,1,1,0,0,1,47150
92,1,1,5,0,0,1,0,1,1,1,0,0,0,0,16800
135,2,1,4,0,1,0,1,3,1,0,1,0,1,1,55625
124,1,1,3,0,0,1,0,1,0,1,0,0,0,0,14850
172,3,2,3,1,0,0,0,3,1,0,0,0,1,0,39800
123,1,3,4,1,0,0,0,2,1,0,0,1,0,1,38525
191,2,0,1,0,0,1,0,1,1,0,0,1,1,0,18225
114,1,3,3,0,0,1,0,1,0,0,1,0,1,0,26600
249,1,2,4,1,0,0,0,2,0,1,1,0,1,1,49225
7,1,4,1,0,1,0,0,3,1,0,1,0,1,1,34425
162,2,3,1,1,0,0,0,3,1,0,1,1,1,0,52500
144,1,1,5,0,0,1,1,2,1,1,0,1,1,1,41050
182,2,4,4,0,0,1,1,3,0,1,1,1,0,1,59500
220,3,2,1,0,0,1,1,1,1,0,1,1,0,1,48700
57,3,1,5,0,0,1,0,2,1,1,0,0,0,0,22425
169,1,3,4,1,0,0,1,1,1,0,1,1,1,0,62925
174,1,1,5,1,0,0,1,3,1,0,0,0,0,1,53600
192,3,0,5,1,0,0,0,2,0,1,0,1,0,0,43250
216,2,4,1,1,0,0,1,3,1,1,1,0,1,1,66400
214,2,0,1,0,1,0,0,1,1,1,1,0,1,1,32350
185,1,3,4,1,0,0,0,3,0,1,0,1,1,1,44575
138,2,1,3,1,0,0,1,2,0,1,0,1,0,1,53650
26,2,0,2,0,1,0,0,3,1,0,1,0,0,0,34650
26,1,1,4,0,1,0,0,3,1,1,1,0,0,0,37650
171,1,3,5,1,0,0,0,1,0,0,1,1,0,0,48975
75,3,0,5,0,0,1,0,2,0,1,0,0,0,1,21875
117,1,0,1,0,1,0,1,1,1,1,1,0,0,0,43425
227,1,3,2,1,0,0,0,1,1,1,0,1,1,1,36375
118,2,4,2,1,0,0,0,1,0,0,1,1,0,1,46150
182,2,2,4,0,0,1,0,1,1,1,1,1,1,0,36250
114,1,0,5,0,1,0,1,3,1,1,0,1,0,1,48050
104,3,1,2,0,0,1,1,1,0,0,0,0,0,0,29850
242,2,1,4,0,1,0,0,2,1,0,0,0,0,0,28050
92,2,4,5,0,0,1,1,2,1,0,1,1,0,0,54000
230,2,3,3,1,0,0,0,1,1,0,0,1,1,0,37950
63,2,3,4,0,1,0,0,1,0,1,1,0,1,1,34325
234,3,2,3,0,1,0,1,3,0,0,1,0,1,0,58850
204,2,1,5,1,0,0,1,2,0,1,0,1,0,1,57800
181,3,4,1,0,1,0,0,3,0,0,1,0,1,1,41525
179,2,3,1,1,0,0,0,3,1,0,1,0,0,1,48475
176,2,3,1,1,0,0,0,1,0,0,1,1,1,0,45600
1,3,4,1,0,1,0,1,2,0,0,1,0,1,1,48525
54,3,4,2,0,1,0,1,3,1,0,0,1,0,1,47550
156,2,0,2,0,0,1,1,1,0,1,1,0,0,1,41900
163,1,2,2,0,1,0,0,1,1,0,0,0,1,1,19325
64,1,2,5,0,0,1,0,2,0,1,0,1,1,1,24550
228,2,3,4,0,1,0,0,2,1,0,1,1,0,0,45400
114,3,0,5,0,1,0,0,1,0,1,1,0,1,1,36100
247,1,3,5,0,0,1,0,3,0,1,0,0,1,0,28925
165,1,4,3,0,1,0,0,3,1,1,1,1,1,1,46575
206,1,3,1,0,0,1,1,3,0,1,0,0,1,1,37900
206,1,0,5,1,0,0,1,1,1,1,1,0,0,1,59650
146,3,1,2,0,1,0,0,1,0,0,1,0,1,0,32650
195,1,4,5,0,0,1,0,3,0,1,0,0,0,0,28375
154,2,3,5,0,0,1,0,2,1,0,0,0,0,0,23600
23,3,4,5,1,0,0,0,3,0,1,1,0,1,1,52825
152,3,1,5,0,0,1,1,2,0,1,1,0,1,1,51300
118,2,1,1,0,1,0,0,2,0,1,1,1,0,0,38400
89,3,2,4,0,0,1,0,1,0,0,0,1,0,1,22175
186,2,0,4,0,0,1,1,2,1,0,1,1,0,0,52100
154,2,1,2,1,0,0,1,3,0,1,0,1,1,0,56300
225,1,3,5,0,1,0,1,2,1,0,1,1,0,0,60075
225,3,3,2,0,1,0,0,3,1,1,1,0,0,1,44625
21,2,2,2,1,0,0,1,2,1,1,0,1,1,0,50475
36,3,1,4,1,0,0,1,3,0,0,1,0,1,0,63400
176,3,0,4,1,0,0,1,2,1,1,1,1,1,1,68600
242,3,2,2,1,0,0,1,3,1,0,0,0,0,0,55300
241,1,4,2,0,1,0,0,3,1,0,1,1,0,0,45975
22,2,3,4,0,1,0,1,1,1,0,0,1,0,0,40000
124,3,3,4,0,0,1,1,3,1,0,0,1,0,1,46050
87,3,0,1,1,0,0,1,2,1,0,0,0,0,0,45175
92,2,2,1,0,0,1,0,1,0,1,0,1,0,0,18250
66,1,2,1,1,0,0,0,2,1,1,1,1,0,1,45600
246,1,0,2,0,0,1,1,3,1,0,0,1,0,1,41350
172,1,4,2,0,1,0,1,1,1,1,0,0,0,0,37300
51,3,0,4,0,1,0,0,1,0,1,0,0,1,0,21525
121,3,0,5,0,1,0,1,1,1,1,0,0,0,1,39775
45,1,2,2,1,0,0,1,3,1,0,1,0,1,0,59125
27,2,0,3,0,1,0,0,2,1,1,1,0,1,1,33675
210,2,4,4,0,1,0,0,3,0,1,1,0,1,0,45750
103,2,4,2,1,0,0,1,2,0,0,0,1,0,1,52525
37,3,1,2,0,1,0,0,1,1,0,0,0,1,1,18425
195,3,3,5,1,0,0,1,1,1,0,0,0,1,0,51625
78,2,0,4,1,0,0,1,3,0,1,1,0,1,1,63450
192,1,1,2,0,0,1,0,1,0,1,1,0,1,1,27050
90,3,3,1,1,0,0,1,1,0,0,0,0,1,0,43750
110,1,2,2,0,0,1,0,1,0,1,1,0,0,0,25750
189,3,0,1,0,0,1,0,2,0,1,1,0,1,0,31475
132,1,0,5,0,0,1,1,2,1,0,1,0,1,1,46050
32,2,4,3,0,0,1,0,1,0,0,0,0,0,0,15050
113,1,4,3,0,1,0,0,1,1,0,1,0,1,0,32575
134,1,4,2,1,0,0,1,2,0,0,0,1,1,0,51800
72,1,4,1,1,0,0,0,3,1,0,0,0,0,0,33300
234,3,2,3,0,0,1,1,2,1,1,0,0,1,0,40100
114,2,1,1,1,0,0,1,2,0,0,0,0,1,0,44850
47,2,0,5,0,1,0,0,3,0,1,0,0,0,1,28175
154,1,1,3,1,0,0,1,3,0,0,1,1,0,1,66550
85,1,3,4,0,0,1,0,1,1,0,0,1,0,1,20075
238,2,3,2,1,0,0,0,2,0,1,1,0,0,0,48700
130,2,4,4,0,0,1,1,3,1,0,0,1,0,1,45450
110,2,2,3,0,0,1,0,3,1,1,1,1,0,0,40200
55,1,1,5,1,0,0,0,3,0,1,0,1,0,1,41075
127,3,0,2,0,1,0,0,2,1,0,1,1,1,0,39625
226,1,1,5,0,0,1,1,2,1,1,0,0,0,0,38650
44,1,4,2,0,0,1,1,2,1,1,0,1,1,1,37050
33,1,2,4,0,1,0,0,2,0,0,0,0,0,0,21825
194,1,1,4,1,0,0,1,1,1,0,1,1,0,1,62050
237,1,1,3,0,0,1,0,1,0,0,1,0,0,1,28175
188,2,4,4,0,0,1,1,2,0,1,0,0,1,1,39950
81,1,4,4,1,0,0,1,1,1,1,0,1,0,1,50975
10,1,2,3,0,0,1,0,3,1,1,1,0,1,0,31750
96,3,1,4,0,0,1,1,3,1,1,1,0,1,0,52400
102,3,0,1,0,0,1,1,3,1,0,0,0,0,0,35050
234,2,3,4,1,0,0,1,3,0,0,1,0,0,1,68350
95,3,1,4,0,1,0,1,1,0,1,0,1,1,1,42825
144,2,0,2,0,0,1,1,2,1,0,0,1,1,1,36800
166,2,3,5,0,0,1,1,3,0,0,1,0,0,0,53900
126,2,4,5,1,0,0,1,1,1,1,1,1,1,0,66600
39,3,2,1,0,0,1,1,2,1,1,0,1,0,1,37175
164,1,2,5,0,0,1,1,3,1,0,0,1,0,1,44550
173,3,2,2,0,1,0,1,3,0,0,0,0,0,1,44325
60,3,2,2,0,0,1,1,3,1,0,1,0,1,0,48500
96,1,3,1,0,0,1,1,2,1,0,0,0,0,0,30650
235,3,1,5,0,0,1,1,3,0,0,0,0,1,0,43875
29,3,3,2,0,1,0,0,2,0,1,0,1,0,0,28675
189,3,1,4,1,0,0,0,1,0,0,0,0,1,0,33475
182,2,2,3,0,1,0,1,3,0,0,1,1,1,0,60500
239,3,3,3,0,1,0,0,3,1,0,0,0,0,1,33225
1,3,1,3,0,1,0,1,3,0,1,1,1,1,0,57975
176,3,3,3,1,0,0,0,3,1,0,1,1,0,1,56850
227,3,3,5,1,0,0,0,3,0,1,1,1,1,1,61625
120,3,4,3,1,0,0,1,2,1,0,1,0,1,1,63250
74,2,2,1,1,0,0,1,3,1,0,0,1,0,1,52800
127,3,2,1,0,0,1,0,3,0,1,0,1,1,1,27625
201,2,0,3,0,1,0,0,1,1,0,1,1,1,0,37725
202,1,2,5,0,1,0,0,3,0,0,0,1,0,0,35250
69,1,2,5,1,0,0,0,2,1,1,0,1,1,1,38925
234,3,1,5,0,1,0,1,1,1,1,0,1,0,1,47800
177,1,4,1,0,0,1,1,3,1,0,1,1,0,1,53125
177,2,3,3,0,0,1,0,3,0,0,0,0,0,1,24925
212,2,0,1,0,1,0,1,2,1,0,0,1,1,1,42250
100,1,4,1,0,0,1,1,2,1,0,0,0,0,1,31500
146,2,0,3,0,1,0,1,2,0,0,1,1,1,1,54600
72,2,3,3,0,1,0,0,3,1,1,1,1,0,1,45000
120,1,2,2,0,1,0,0,1,1,0,1,0,1,1,30000
141,3,4,5,0,1,0,1,2,1,1,0,0,0,1,46775
110,3,1,1,0,0,1,0,2,1,1,1,0,1,1,30500
153,3,1,1,0,1,0,0,2,0,0,0,1,0,0,27775
184,3,0,1,0,1,0,0,2,1,1,0,0,1,0,24850
78,3,4,4,1,0,0,1,3,0,0,1,0,1,0,66700
58,1,1,4,0,1,0,1,3,0,1,1,1,1,1,57650
176,1,1,1,0,0,1,1,2,1,0,1,0,0,0,42900
41,1,4,2,1,0,0,1,1,0,0,0,1,1,1,45975
197,2,3,2,0,1,0,1,3,1,0,0,0,1,0,44425
179,2,4,2,0,1,0,1,2,0,0,1,1,1,1,57175
2,3,3,2,0,0,1,1,1,0,0,0,1,1,1,33250
147,1,3,5,0,0,1,0,3,0,0,0,1,0,0,29625
125,1,3,2,1,0,0,1,3,1,0,0,0,1,0,50125
116,3,3,4,0,0,1,0,3,0,0,1,1,1,0,42350
103,1,4,4,0,1,0,0,2,0,0,1,0,1,0,36825
185,1,1,4,0,0,1,0,3,0,0,0,1,1,0,27825
166,2,3,4,0,0,1,0,2,1,1,0,1,0,1,28350
97,3,4,2,1,0,0,1,2,1,1,1,0,0,0,62675
103,2,4,5,0,1,0,0,3,1,0,0,0,0,0,31575
50,2,3,3,0,0,1,0,2,1,0,0,0,0,0,18500
159,1,4,5,1,0,0,0,1,0,0,1,0,0,1,44975
193,1,0,3,0,0,1,1,2,0,0,1,1,0,1,49275
166,1,1,2,1,0,0,1,1,1,1,1,1,1,0,60100
84,1,4,3,0,0,1,1,1,0,1,1,0,1,0,42850
23,2,0,3,0,0,1,1,1,1,1,0,1,0,1,32775
71,1,0,5,1,0,0,1,2,0,1,1,1,1,1,63975
136,3,1,5,0,0,1,0,3,0,1,1,1,1,1,43850
241,2,3,2,0,1,0,0,1,0,1,0,0,1,1,24525
138,1,4,5,0,1,0,0,2,1,0,1,1,1,0,43650
53,2,1,5,0,1,0,0,3,1,1,0,1,0,1,33775
149,3,0,4,1,0,0,0,2,1,1,1,1,1,1,52925
213,2,1,2,0,1,0,1,1,1,0,0,1,1,1,40775
30,1,0,1,0,1,0,0,2,1,0,0,0,0,1,16750
71,2,0,4,1,0,0,1,2,1,0,0,0,1,0,47025
156,2,3,5,1,0,0,0,3,0,0,0,1,1,1,45350
176,3,3,1,0,0,1,0,3,0,1,0,0,0,1,25150
189,2,3,1,0,0,1,1,3,0,1,0,1,1,0,43425
212,2,1,2,0,0,1,1,3,0,1,0,1,0,0,43750
146,2,0,5,1,0,0,1,3,1,1,1,1,0,0,71100
118,1,1,2,0,0,1,1,3,0,1,1,0,1,1,47200
3,1,3,3,0,1,0,1,3,0,1,0,0,1,0,40325
114,3,3,3,0,0,1,1,3,0,0,0,0,1,1,39850
56,2,4,3,0,0,1,1,2,0,0,0,0,0,0,34150
215,1,2,4,0,0,1,1,2,1,1,0,1,1,0,42325
126,1,0,4,0,1,0,1,3,1,0,0,0,1,1,41400
153,2,1,4,0,0,1,1,2,0,1,1,1,0,0,53025
244,2,1,2,0,1,0,0,1,1,0,0,0,0,1,22100
216,3,2,4,0,1,0,0,3,0,1,1,1,0,0,50350
204,3,4,1,0,0,1,0,1,1,1,1,0,0,1,31600
212,1,4,4,1,0,0,1,2,1,0,1,1,1,0,68250
244,2,1,5,1,0,0,0,3,0,1,0,0,0,0,42850
61,3,3,5,0,0,1,1,2,0,1,1,0,0,0,50525
48,3,3,4,0,1,0,1,2,1,0,1,1,1,0,57400
249,3,0,5,0,1,0,0,2,0,1,0,0,0,1,31225
140,3,1,2,0,1,0,0,2,0,0,0,1,0,0,28700
216,2,0,1,0,1,0,1,2,0,1,1,0,1,1,50650
202,1,0,4,0,1,0,0,1,0,1,1,1,0,1,38500
224,3,2,5,0,1,0,1,2,0,0,1,1,1,0,62050
245,3,4,1,0,0,1,1,3,1,1,0,1,0,0,47325
227,3,3,2,0,0,1,1,1,1,0,1,1,0,0,50875
131,1,3,3,1,0,0,0,2,1,0,0,1,0,0,37475
182,1,3,2,0,0,1,0,1,0,0,0,1,0,0,19750
55,3,4,2,1,0,0,1,2,1,1,0,0,1,0,49875
54,2,1,3,0,1,0,0,1,0,1,1,0,0,1,31350
134,3,3,2,1,0,0,0,2,0,1,1,0,1,1,47600
15,3,0,4,0,0,1,0,3,1,1,1,1,0,1,39075
61,2,4,3,1,0,0,1,3,0,0,1,0,1,1,63525
159,2,0,2,1,0,0,1,3,1,0,0,0,1,0,50225
101,3,0,3,0,1,0,0,2,0,1,1,1,1,0,41225
218,2,0,5,0,1,0,0,3,0,0,0,0,0,0,31200
240,1,4,3,1,0,0,0,1,1,0,1,1,1,0,49200
181,2,0,4,1,0,0,1,2,0,0,1,0,0,0,61275
183,3,3,5,0,0,1,0,1,1,0,1,0,0,0,34075
159,2,1,1,1,0,0,0,3,0,1,0,0,1,1,35725
12,3,3,1,0,0,1,1,2,1,1,0,0,1,0,32800
58,2,0,4,0,0,1,1,1,1,0,0,0,0,1,29200
122,2,4,2,0,0,1,1,3,0,0,0,1,1,0,42500
183,1,4,3,0,0,1,1,3,1,1,0,1,0,0,45275
174,2,3,3,0,1,0,0,3,1,1,0,1,1,0,35800
62,2,3,3,0,1,0,1,1,0,0,1,1,0,0,51250
46,2,1,3,0,1,0,1,3,1,1,1,1,1,0,57850
234,1,2,5,0,1,0,1,3,1,1,1,1,1,0,64300
147,3,0,2,0,0,1,0,1,1,1,1,1,0,0,32875
213,1,0,4,0,0,1,1,1,0,0,0,1,1,1,35775
3,1,0,1,0,1,0,1,1,1,0,0,1,1,1,32025
147,2,2,2,1,0,0,1,3,1,1,0,0,0,0,52675
106,1,0,2,0,0,1,0,2,0,0,1,1,1,0,30850
4,3,1,5,0,0,1,1,2,0,0,0,1,1,1,39050
96,1,0,1,0,0,1,1,3,1,0,1,0,1,1,43650
154,3,3,4,0,0,1,0,2,0,1,0,0,0,1,24850
70,2,1,4,0,1,0,1,3,1,1,0,1,0,1,47950
149,3,1,2,0,0,1,1,3,0,0,0,1,0,0,42425
50,2,0,4,0,1,0,1,1,0,1,1,0,0,0,46750
111,2,4,4,1,0,0,0,1,1,0,0,1,1,1,36975
200,1,0,4,0,1,0,1,2,1,0,0,0,1,1,39750
130,3,3,1,0,0,1,0,2,1,1,1,0,0,1,32500
28,2,1,5,0,1,0,1,3,1,1,0,1,1,0,48150
1,3,3,5,1,0,0,0,3,1,0,0,1,1,0,43225
69,2,2,2,0,0,1,1,3,0,0,1,0,0,1,46975
248,3,3,1,0,1,0,1,2,0,0,1,0,1,0,53950
57,1,0,4,0,0,1,0,2,0,0,0,0,0,1,15925
22,1,3,5,1,0,0,0,1,1,1,0,0,0,1,30550
26,1,4,1,1,0,0,0,2,0,1,1,0,0,0,41400
110,1,0,4,0,0,1,0,2,1,1,0,0,1,1,18750
123,1,1,1,0,1,0,0,2,1,0,0,1,1,0,24275
147,3,3,2,0,0,1,0,1,1,0,1,0,0,0,29425
15,3,4,4,0,1,0,0,3,0,0,1,1,1,1,45575
120,1,3,4,0,1,0,1,1,0,1,1,0,1,1,49250
29,1,1,5,0,0,1,1,1,1,1,0,0,0,1,30225
26,3,2,2,0,0,1,1,1,0,1,1,1,1,1,46100
176,3,2,2,0,1,0,1,2,1,1,1,1,0,1,58600
182,2,2,5,0,0,1,0,1,1,1,1,0,0,0,33050
70,2,1,3,0,0,1,0,2,0,0,0,1,1,0,21700
89,2,1,2,1,0,0,0,1,1,1,0,1,1,1,32925
187,2,4,4,0,1,0,1,2,1,0,1,0,1,1,55675
198,3,1,4,0,1,0,1,1,0,0,1,1,1,1,55900
205,1,4,5,0,0,1,0,2,1,1,0,0,0,0,25375
45,1,2,2,0,0,1,0,3,1,1,1,0,0,0,31375
21,2,2,5,1,0,0,0,3,0,0,1,1,0,1,52975
200,1,3,1,1,0,0,0,3,0,1,0,0,0,1,36750
33,3,0,4,0,1,0,0,2,0,0,0,0,1,1,23325
73,1,3,5,1,0,0,0,3,0,1,1,1,1,0,54775
236,1,4,2,0,0,1,1,1,0,0,1,0,1,1,44150
113,3,3,1,0,1,0,1,2,1,1,0,0,1,0,40325
59,2,2,2,1,0,0,1,3,0,0,1,0,1,1,60725
225,3,2,4,1,0,0,0,3,0,0,1,1,1,1,58325
226,1,1,4,0,1,0,1,3,0,1,0,1,0,1,50100
223,1,2,3,0,0,1,1,1,1,0,0,1,1,1,36525
135,1,3,1,0,0,1,0,3,1,0,0,0,1,1,20125
21,1,3,2,0,0,1,1,2,1,0,1,0,1,0,41775
230,3,0,2,0,1,0,0,3,0,0,0,0,1,1,29250
62,2,4,3,0,1,0,1,3,0,1,1,1,1,1,60250
115,3,4,2,1,0,0,0,3,0,0,0,1,0,1,42825
92,2,0,2,0,1,0,1,2,0,1,0,1,0,1,41500
89,3,3,3,0,1,0,1,2,0,0,0,0,0,1,40725
21,3,3,3,0,1,0,0,2,0,0,1,1,1,1,40225
65,2,1,3,0,1,0,0,3,1,1,1,1,1,0,43325
84,2,2,2,0,1,0,1,1,0,0,1,0,0,0,45350
196,2,2,3,1,0,0,0,1,0,1,0,0,0,0,32900
120,1,1,2,0,0,1,0,1,0,1,0,0,0,1,13500
112,3,2,3,0,1,0,0,2,1,0,1,0,0,0,37550
175,2,4,4,1,0,0,1,1,1,1,1,0,0,0,62125
24,2,0,2,1,0,0,1,3,0,1,1,0,1,1,59600
214,3,0,2,1,0,0,1,3,0,1,1,1,1,1,70300
130,3,2,5,0,0,1,1,3,1,0,1,1,0,1,58450
230,1,1,5,0,1,0,1,3,1,0,0,0,1,1,46000
111,1,4,3,0,0,1,0,1,1,0,0,1,0,1,20225
133,3,3,3,1,0,0,1,1,1,0,1,0,0,0,59325
134,1,2,1,0,0,1,1,1,0,0,1,0,1,1,38850
206,3,0,2,0,0,1,1,1,1,1,0,1,1,0,37600
176,2,4,1,0,1,0,0,2,0,1,1,0,0,0,37650
107,1,0,2,0,1,0,1,2,0,0,0,0,1,1,34675
130,3,2,2,0,0,1,0,2,0,1,1,0,0,1,32750
223,1,4,2,1,0,0,1,2,0,0,0,0,0,0,49575
140,3,2,2,1,0,0,0,2,1,0,1,1,1,1,50450
61,3,2,5,0,0,1,0,3,1,1,1,1,0,0,42975
48,2,1,5,1,0,0,0,1,0,1,1,0,0,0,42700
69,3,0,1,1,0,0,0,1,0,1,1,0,0,1,38975
143,1,0,2,0,1,0,0,2,0,0,0,0,1,0,20575
213,1,3,4,0,0,1,1,2,1,1,0,0,1,1,38575
173,1,1,5,1,0,0,1,1,0,1,0,1,1,1,52025
196,3,2,1,1,0,0,0,1,0,0,1,1,1,1,46850
143,3,3,4,1,0,0,0,2,0,0,0,0,0,1,37325
22,1,2,2,0,1,0,0,2,0,0,1,1,1,0,35250
223,3,1,1,0,1,0,0,1,1,1,0,1,1,0,27525
170,1,3,4,0,1,0,0,3,0,0,0,0,1,1,29500
167,2,1,3,0,1,0,0,3,1,1,1,0,0,0,41425
101,1,1,4,0,0,1,0,3,0,0,0,0,1,1,21275
71,1,0,2,1,0,0,0,1,0,1,1,0,1,0,37275
206,2,1,4,1,0,0,0,1,1,0,1,1,1,0,48850
156,3,4,5,0,1,0,0,3,0,0,0,0,1,0,34150
52,3,2,3,0,0,1,1,1,1,0,0,0,0,0,30800
34,1,2,3,0,1,0,0,3,1,0,1,1,0,1,40550
157,2,4,1,0,1,0,1,3,1,0,1,1,1,0,59125
138,1,3,5,0,1,0,0,2,0,0,1,0,0,0,38200
176,2,0,5,1,0,0,1,2,0,0,1,1,0,0,66850
156,2,4,3,0,0,1,1,3,0,1,1,0,0,0,53150
88,1,2,3,0,0,1,1,1,1,0,1,1,1,1,44900
160,2,3,5,0,0,1,0,1,0,0,0,0,1,1,20000
24,2,4,5,0,0,1,1,3,0,0,0,0,0,0,39350
84,2,0,5,0,1,0,1,2,0,1,1,1,0,1,56800
63,1,0,3,0,1,0,1,1,0,1,1,1,1,0,48775
7,1,2,5,0,1,0,1,2,1,1,0,1,0,1,43375
140,3,4,3,0,1,0,1,3,0,0,0,0,1,1,46250
237,3,1,1,0,0,1,0,3,1,1,0,1,1,1,29875
30,1,2,1,0,1,0,1,1,0,1,1,0,0,1,42500
121,2,3,1,0,0,1,0,2,1,0,0,0,0,1,17775
31,1,2,4,0,0,1,0,3,0,1,1,0,0,1,33275
234,1,2,3,0,1,0,0,3,1,0,0,1,0,0,33800
133,2,0,5,1,0,0,1,2,0,1,1,0,0,1,62575
231,3,3,1,0,1,0,0,2,0,1,1,1,1,0,44225
35,3,2,4,0,0,1,0,3,0,1,0,0,1,1,24625
1,2,0,5,1,0,0,0,2,1,1,1,1,0,0,48975
170,1,3,2,0,1,0,1,1,1,0,1,0,0,0,47000
61,2,4,5,0,0,1,1,3,0,1,1,1,1,1,57725
74,3,1,3,0,0,1,0,2,0,1,1,1,1,1,36300
63,3,0,1,1,0,0,1,1,0,1,0,0,1,0,42075
103,2,0,4,0,1,0,1,3,1,1,0,1,1,1,48025
150,2,2,3,0,0,1,0,2,1,0,0,0,1,0,20250
243,1,0,1,1,0,0,1,3,0,0,1,0,1,1,61075
212,3,2,1,0,1,0,1,1,0,1,0,1,0,0,42750
40,3,1,5,0,0,1,1,2,1,1,0,0,1,1,37000
126,2,2,2,0,0,1,0,3,1,1,1,0,0,1,34900
200,2,0,1,0,0,1,0,2,1,0,1,0,0,0,29250
176,3,3,3,1,0,0,0,2,1,1,0,1,0,1,42850
105,2,0,1,0,1,0,0,3,0,1,1,1,0,1,40825
44,3,1,3,0,1,0,1,3,1,1,0,0,1,1,43100
137,1,3,2,0,1,0,0,3,0,1,0,1,1,1,31875
101,2,2,4,0,1,0,1,2,0,1,0,0,1,0,41275
137,3,3,5,1,0,0,0,1,0,0,0,1,1,0,39375
110,2,2,5,0,1,0,1,3,0,1,0,0,0,1,46250
249,3,1,2,0,1,0,1,1,0,1,0,1,0,1,44175
132,1,1,1,1,0,0,1,1,0,1,1,1,0,0,57750
172,1,0,2,0,0,1,1,3,1,1,1,1,0,1,52500
166,2,0,1,0,1,0,1,3,1,0,0,0,0,0,40150
132,3,3,5,0,1,0,1,2,0,1,1,0,0,0,57300
225,1,4,1,1,0,0,1,1,1,1,0,0,0,0,46375
93,1,1,3,0,1,0,1,3,1,1,1,0,0,0,53075
123,2,1,3,0,0,1,1,2,1,1,1,0,0,1,46825
14,2,0,5,0,1,0,1,2,1,1,0,1,0,1,43550
81,3,1,1,1,0,0,1,2,1,0,0,1,0,1,50225
165,3,3,5,1,0,0,1,2,1,0,0,1,0,0,58825
21,1,1,4,0,0,1,1,3,1,0,0,1,1,0,38975
12,3,0,2,0,0,1,1,3,1,0,1,0,0,0,45800
165,1,0,5,0,0,1,1,2,1,0,1,1,0,1,51325
10,2,0,3,0,1,0,0,1,1,0,0,1,1,1,21200
67,3,3,5,1,0,0,1,3,0,0,0,0,0,0,55175
47,2,2,1,0,1,0,1,1,0,1,0,0,0,0,32675
73,2,2,2,0,1,0,0,2,0,0,1,0,0,0,33575
69,2,4,5,1,0,0,0,2,1,0,1,1,0,0,52425
38,2,4,3,0,1,0,0,3,0,1,0,1,1,1,32900
139,1,3,4,0,0,1,0,2,1,1,1,1,1,1,37925
196,2,3,4,1,0,0,1,1,0,0,1,0,0,1,60400
232,3,2,1,0,1,0,0,1,1,1,0,0,0,0,24050
102,2,0,1,0,0,1,0,2,1,0,0,1,1,1,19500
94,1,2,5,0,0,1,1,1,0,1,1,1,1,0,48550
211,2,0,3,1,0,0,1,1,1,0,1,1,1,1,61975
66,3,2,1,1,0,0,0,1,1,1,1,1,0,1,45100
121,1,1,2,0,0,1,1,2,0,0,0,0,1,0,30775
210,3,4,1,0,0,1,1,3,1,1,1,0,1,0,53750
16,3,3,2,0,0,1,0,2,1,0,0,0,0,1,17900
108,2,4,4,1,0,0,0,3,0,0,0,0,1,1,39200
235,1,3,5,1,0,0,1,1,0,1,0,1,1,1,55075
210,1,1,5,0,0,1,0,2,0,1,1,1,1,1,39200
221,2,1,1,1,0,0,0,3,0,0,0,0,1,0,36025
35,1,0,4,1,0,0,0,3,1,1,0,0,1,1,34375
46,3,3,1,1,0,0,0,3,1,0,1,1,0,1,51100
123,3,0,2,1,0,0,1,1,1,1,0,1,1,0,49525
237,1,3,5,0,0,1,1,2,1,0,0,1,1,1,43625
204,1,2,4,0,1,0,1,3,0,1,0,1,1,0,50300
185,2,1,1,0,1,0,0,2,0,0,1,0,1,1,34375
75,2,0,4,1,0,0,1,2,1,1,0,1,0,1,52825
37,2,0,4,0,0,1,1,1,0,1,1,1,0,1,45875
79,3,0,3,0,0,1,1,1,0,0,1,1,1,0,45925
1,3,2,5,0,1,0,1,2,0,1,1,1,1,1,57725
13,1,3,5,0,1,0,0,1,1,1,1,0,0,0,33075
183,2,2,2,0,1,0,0,1,0,0,1,0,0,1,32825
63,1,0,5,0,1,0,1,2,0,1,1,0,0,0,50325
116,2,2,3,0,0,1,0,1,1,1,0,0,1,1,17150
129,1,3,3,0,1,0,0,1,1,1,0,1,0,0,26175
149,2,0,4,0,1,0,1,2,1,0,1,0,1,0,51725
120,1,3,2,0,1,0,0,3,0,0,0,0,0,1,25750
46,3,2,3,0,0,1,1,3,1,0,0,1,1,1,42100
245,1,3,2,0,1,0,1,2,0,0,0,0,0,0,40375
196,1,3,2,1,0,0,1,3,1,0,1,1,0,1,68100
242,3,3,2,0,1,0,1,3,0,0,0,0,1,1,46800
168,3,1,2,0,0,1,1,3,1,1,1,1,0,1,56150
71,1,0,4,0,0,1,0,3,1,0,1,1,1,0,36225
66,3,4,4,0,1,0,1,1,1,1,0,0,0,0,40150
206,1,3,3,0,1,0,1,1,1,1,0,0,1,0,38650
242,1,4,1,0,1,0,0,2,1,0,1,1,0,0,41250
87,3,4,3,0,1,0,0,1,1,0,1,1,1,1,39375
92,3,2,4,1,0,0,0,3,0,0,0,0,1,1,38800
11,1,3,2,0,0,1,1,1,1,1,1,0,1,1,39275
118,1,0,2,0,0,1,0,1,0,0,1,0,1,1,23200
232,1,0,2,0,1,0,0,2,1,1,0,1,1,0,28750
193,1,1,5,0,1,0,0,2,0,0,1,1,0,0,42525
110,3,0,4,0,1,0,0,3,0,0,0,0,0,0,28750
26,2,2,5,0,1,0,1,1,0,0,1,0,1,1,47650
236,3,4,1,0,1,0,1,1,1,0,0,1,1,0,43850
164,3,3,1,1,0,0,0,3,0,1,0,1,1,1,43300
183,1,4,1,1,0,0,1,1,1,0,0,0,1,0,44075
237,3,3,5,0,0,1,0,2,1,0,0,0,1,0,27175
8,1,3,1,1,0,0,1,1,1,0,0,0,0,1,38950
76,3,3,5,1,0,0,1,1,0,0,1,0,0,0,60150
134,2,1,1,1,0,0,0,2,0,0,0,1,1,1,34800
56,3,0,2,1,0,0,0,3,1,1,1,0,1,1,47150
128,1,0,4,1,0,0,0,1,1,1,0,0,0,1,29700
44,1,0,4,1,0,0,1,3,0,0,0,0,1,0,48100
53,3,2,2,1,0,0,0,3,1,0,1,0,1,1,47325
44,1,2,1,0,0,1,1,2,1,1,1,0,1,0,41600
145,2,3,5,0,1,0,1,2,1,1,0,1,1,0,49075
76,1,3,1,1,0,0,0,2,1,1,1,0,1,1,42150
243,1,2,1,1,0,0,1,1,1,0,1,1,1,0,60275
16,3,4,4,0,1,0,0,3,0,0,1,1,1,1,45600
45,1,1,4,1,0,0,1,1,0,1,0,1,1,1,47575
91,3,2,5,0,0,1,0,1,1,1,1,1,0,1,36725
73,3,4,3,0,1,0,1,3,0,0,1,0,1,1,56325
109,1,4,1,1,0,0,0,1,0,1,1,1,1,1,44425
171,1,2,1,0,0,1,0,3,0,1,1,0,1,1,33025
2,3,4,1,1,0,0,0,3,1,1,0,0,1,0,35800
11,2,2,5,1,0,0,0,3,0,1,0,0,0,1,37775
233,3,4,3,1,0,0,0,1,1,1,1,1,0,0,53275
179,3,4,2,0,1,0,0,3,0,0,0,0,1,0,30975
97,3,3,5,1,0,0,0,3,1,0,0,1,1,1,45625
46,2,3,2,0,0,1,1,1,0,0,1,0,1,1,40150
127,1,2,2,1,0,0,0,2,1,1,0,0,1,1,32175
99,1,0,3,1,0,0,0,1,1,1,0,1,0,0,32175
152,2,4,4,0,1,0,0,1,0,1,1,1,1,1,41750
86,2,2,3,0,0,1,0,2,0,1,0,0,0,0,19650
70,3,0,5,0,1,0,0,2,0,0,1,1,0,0,41700
167,3,3,5,0,0,1,1,1,1,0,0,1,1,0,41375
56,3,3,3,0,0,1,1,3,1,0,1,1,0,1,54850
127,2,1,4,0,0,1,1,2,1,1,1,0,1,0,48175
49,3,2,2,0,1,0,0,3,0,1,1,0,1,1,39225
49,1,0,5,1,0,0,0,3,1,1,0,0,1,1,35975
42,3,3,5,1,0,0,1,2,0,0,1,1,0,1,67250
166,1,1,1,1,0,0,0,2,0,1,1,0,1,0,42650
139,3,4,4,1,0,0,0,2,1,0,1,0,1,1,49975
166,1,3,2,1,0,0,1,1,1,1,0,0,0,1,45400
205,3,2,5,0,1,0,0,1,0,0,0,0,1,0,26875
235,2,3,3,0,0,1,1,3,0,1,0,0,1,0,42625
179,2,1,3,0,1,0,1,2,1,1,1,0,0,0,53225
184,2,1,1,1,0,0,1,1,0,1,1,1,1,1,60550
43,3,4,5,0,1,0,0,1,0,0,0,0,1,0,24325
79,3,0,5,0,1,0,0,3,0,0,0,1,1,1,33675
117,2,1,2,0,1,0,1,1,0,1,1,1,0,0,51125
24,3,0,5,0,1,0,1,3,0,1,1,0,1,0,55850
130,3,0,2,0,1,0,1,1,0,0,1,0,1,0,46500
215,2,1,3,1,0,0,0,3,1,1,0,1,0,0,44325
222,3,3,1,1,0,0,0,1,1,0,0,1,0,0,36750
203,3,1,4,0,0,1,1,1,1,1,1,1,0,0,52525
229,2,0,2,0,0,1,0,3,1,0,1,1,1,1,39175
46,2,2,5,0,0,1,1,1,0,0,1,0,1,1,43150
41,1,0,3,1,0,0,0,3,0,1,1,1,1,1,49225
173,3,4,5,0,0,1,0,3,1,1,1,0,1,0,42825
184,2,2,3,1,0,0,1,3,0,1,0,0,1,0,54600
168,3,2,1,1,0,0,1,1,0,0,1,1,1,1,61150
15,1,0,1,0,1,0,0,2,1,0,1,0,1,1,28125
83,3,2,3,0,1,0,1,1,0,0,1,0,1,0,48075
174,3,3,4,0,1,0,0,2,1,1,1,1,1,0,46800
152,3,2,3,0,1,0,1,1,1,0,0,0,0,1,38300
79,2,0,1,0,0,1,0,1,0,1,0,1,1,0,16425
216,2,1,1,0,0,1,1,3,0,0,0,1,1,0,41350
122,1,2,5,1,0,0,1,1,1,1,0,1,0,1,51750
85,2,4,3,0,0,1,1,2,0,1,1,1,1,0,52325
34,3,2,4,0,1,0,0,1,1,1,0,1,0,1,27300
102,1,2,1,0,1,0,0,3,1,0,0,1,0,0,28000
223,2,2,2,1,0,0,1,3,0,1,0,1,0,0,58775
81,1,3,5,0,1,0,0,1,1,1,1,1,0,0,39225
220,1,3,2,1,0,0,1,2,1,0,0,1,0,1,53450
85,2,0,3,0,0,1,0,2,0,1,1,0,0,0,29875
127,1,4,3,0,0,1,1,3,0,0,0,0,1,0,37925
83,1,2,3,0,1,0,1,1,0,1,1,0,1,0,46325
227,2,1,2,0,1,0,1,2,1,0,1,0,1,0,51925
233,1,4,5,1,0,0,1,3,1,0,0,0,0,1,57325
133,3,2,1,1,0,0,1,2,1,1,1,1,1,0,65275
8,1,1,1,0,1,0,1,1,0,0,0,1,1,1,32650
28,3,4,4,0,1,0,1,3,1,1,1,0,0,1,57950
213,2,1,5,0,1,0,0,2,0,1,1,1,1,1,45775
130,3,0,3,1,0,0,1,3,1,1,1,1,1,1,69700
39,1,4,1,0,0,1,0,1,1,1,0,1,0,0,17175
70,2,1,4,1,0,0,0,2,0,1,1,0,0,0,45500
215,3,2,4,0,0,1,0,2,0,0,0,0,0,1,24375
204,2,1,1,0,1,0,1,2,0,0,0,0,0,0,38100
205,1,3,3,0,1,0,1,2,0,1,0,0,0,1,41875
64,3,1,3,1,0,0,1,3,0,1,0,0,1,1,52350
145,1,4,2,0,0,1,0,2,1,1,1,0,1,0,31875
115,3,3,2,1,0,0,1,1,1,1,1,0,0,1,58875
113,1,1,3,0,0,1,0,3,1,1,1,0,1,0,33575
17,1,4,5,1,0,0,0,2,0,1,0,0,1,1,34425
130,2,2,1,0,1,0,0,1,0,0,1,0,1,0,30250
229,1,4,1,0,0,1,1,1,1,1,1,0,0,1,44225
194,1,4,2,1,0,0,1,1,1,1,0,1,1,1,51300
31,1,2,4,1,0,0,1,1,0,1,0,1,0,1,47975
110,2,2,3,0,0,1,0,1,0,0,0,0,0,0,15500
181,2,4,2,0,0,1,0,2,1,1,0,1,0,0,26975
124,1,0,5,1,0,0,1,1,0,1,0,0,1,0,45600
152,1,3,1,1,0,0,0,1,1,0,1,0,0,1,39300
82,1,1,2,0,1,0,0,3,1,1,1,1,1,0,41000
37,1,3,1,0,1,0,0,3,1,0,1,0,1,0,34425
37,3,4,3,1,0,0,0,3,1,1,1,1,1,1,55375
152,3,4,2,0,0,1,0,2,0,0,1,0,1,0,33550
146,1,2,4,0,0,1,1,1,0,1,1,0,0,1,44150
51,1,3,5,0,0,1,0,1,1,1,1,1,0,0,33475
242,1,3,2,0,1,0,0,3,1,0,0,1,1,1,33500
34,1,3,5,0,0,1,0,2,1,1,1,0,1,0,32100
172,2,1,1,0,1,0,0,1,0,1,0,0,1,1,20050
208,2,0,3,1,0,0,1,3,1,0,1,1,0,1,68900
124,3,0,2,1,0,0,1,1,0,0,0,0,0,1,43600
67,2,0,3,0,1,0,0,1,1,1,1,0,1,0,31175
207,2,3,1,0,1,0,0,3,1,0,1,0,1,1,40175
170,3,0,1,0,1,0,0,1,0,1,0,1,0,1,25200
188,2,1,1,1,0,0,1,3,1,1,1,0,0,1,63450
82,2,2,3,1,0,0,1,1,0,1,0,1,1,0,49500
145,1,3,3,0,1,0,0,1,0,1,1,0,1,1,33625
148,3,4,2,0,1,0,0,2,0,0,1,1,0,0,42900
71,3,3,5,0,0,1,1,1,0,1,1,0,1,0,47275
84,1,3,2,0,0,1,1,1,1,0,1,1,1,0,44300
8,1,4,4,0,1,0,1,2,0,0,1,0,1,1,49450
113,1,2,2,0,1,0,1,1,0,0,0,0,1,1,32825
13,2,2,2,1,0,0,1,3,1,1,1,0,0,0,61075
34,3,0,5,1,0,0,0,3,1,0,1,1,0,0,53550
38,1,2,2,0,1,0,1,3,0,1,1,0,1,1,50950
60,2,0,1,0,0,1,0,3,0,0,1,0,0,1,29000
32,3,4,2,1,0,0,0,1,0,0,0,0,0,0,29300
93,3,3,2,0,0,1,1,3,1,0,0,1,1,1,42775
131,3,2,2,1,0,0,0,2,1,1,0,0,1,1,35275
25,2,2,1,0,0,1,1,3,0,0,0,0,0,0,32875
97,1,4,5,0,0,1,1,2,0,1,1,1,0,1,53625
239,1,0,4,1,0,0,1,2,1,1,0,1,1,0,55425
83,2,1,2,1,0,0,1,2,1,1,0,0,1,0,46825
25,3,4,4,0,1,0,0,1,0,1,0,1,1,1,28325
220,3,4,2,0,0,1,1,2,0,1,1,0,0,1,51500
156,1,2,5,1,0,0,0,2,0,1,1,0,0,1,48150
220,2,4,5,1,0,0,0,2,1,0,0,0,0,1,40000
182,2,1,3,0,0,1,1,3,1,1,1,1,1,0,56250
245,1,1,5,0,0,1,1,3,1,0,0,0,1,0,41375
37,1,0,4,0,1,0,0,1,1,0,1,1,0,1,33375
142,1,3,4,0,1,0,1,2,1,1,1,0,1,1,53550
173,3,3,5,1,0,0,1,1,0,0,1,0,0,1,62575
244,2,3,3,1,0,0,1,1,1,1,1,0,0,1,61850
9,2,0,4,0,0,1,1,1,0,1,0,0,1,0,28975
230,2,4,3,0,1,0,0,1,0,1,1,1,0,1,42450
58,3,1,5,0,1,0,1,3,0,1,0,1,0,0,50150
77,1,3,4,0,1,0,0,1,1,1,1,1,0,0,37875
2,3,2,5,0,0,1,0,2,0,1,0,0,0,0,21550
128,2,2,2,1,0,0,0,1,1,1,1,0,0,1,41950
48,1,1,4,1,0,0,1,2,1,1,1,0,1,0,58700
150,3,4,4,0,0,1,1,2,1,1,1,0,0,1,52500
243,2,1,1,0,1,0,1,2,1,0,0,0,1,0,39325
55,1,3,5,0,0,1,1,1,1,1,1,1,0,1,48575
200,1,1,5,0,0,1,0,2,0,0,1,0,1,0,33250
235,3,2,4,1,0,0,1,2,0,0,1,0,1,0,65625
86,3,3,2,0,1,0,1,1,1,1,0,0,0,0,37400
153,1,1,5,0,1,0,1,3,1,1,1,1,1,1,61525
195,1,0,3,1,0,0,1,2,0,0,0,1,1,1,51575
86,2,1,4,1,0,0,0,3,1,1,1,0,1,0,49650
91,3,0,1,0,1,0,0,2,1,0,0,1,0,1,25725
166,3,1,5,1,0,0,0,2,0,0,1,0,1,1,49400
101,3,0,3,0,1,0,1,2,1,1,0,1,1,1,44725
239,1,0,1,0,0,1,1,1,1,0,1,1,1,0,44675
99,2,2,5,0,0,1,1,3,1,1,1,0,1,1,52975
172,1,3,1,0,0,1,1,2,1,0,0,0,1,1,32550
46,1,2,4,1,0,0,1,3,0,0,1,0,1,1,61400
103,1,2,4,0,0,1,1,1,0,0,1,0,1,0,41825
185,3,2,2,1,0,0,0,2,0,1,1,0,0,1,48125
117,3,4,2,0,1,0,1,2,0,1,1,0,0,1,53925
222,2,2,3,0,1,0,1,3,0,0,0,1,0,0,49750
63,1,1,1,0,1,0,1,1,1,0,0,1,1,0,34275
202,2,4,5,1,0,0,1,2,0,0,0,1,0,1,58750
190,3,4,3,1,0,0,1,1,0,0,1,1,0,0,65700
242,1,0,5,1,0,0,0,2,1,1,1,1,0,1,53500
34,3,4,3,0,1,0,0,1,1,0,0,1,1,1,26300
234,2,4,5,1,0,0,0,1,0,1,1,1,0,1,54050
89,2,2,4,0,1,0,1,1,0,0,1,0,0,1,47975
99,2,1,5,1,0,0,0,3,0,0,0,0,0,1,37975
151,1,3,2,0,1,0,0,2,0,1,0,0,1,1,24275
57,1,2,3,0,0,1,0,1,0,1,1,0,1,1,25675
134,3,2,1,1,0,0,1,1,1,1,1,0,0,1,57350
166,3,3,2,0,1,0,1,2,1,0,0,1,0,1,46100
7,3,0,5,0,0,1,0,1,1,1,1,0,1,1,28675
172,3,0,5,0,1,0,0,2,1,0,0,0,1,1,28300
88,1,0,1,0,0,1,0,1,0,0,1,0,1,1,21200
123,2,2,1,0,0,1,0,1,1,1,0,1,0,0,19275
82,1,4,2,1,0,0,1,2,1,0,1,0,1,1,58050
57,1,1,5,1,0,0,1,3,1,1,0,1,1,1,56375
21,2,0,1,0,0,1,0,3,1,0,1,1,1,1,32725
168,3,1,1,0,1,0,0,3,1,1,0,1,1,1,33150
65,3,1,1,0,0,1,0,2,1,1,1,1,0,1,33825
195,2,4,5,0,1,0,1,2,1,0,0,0,0,0,45375
65,1,1,3,1,0,0,0,2,0,0,1,0,0,0,41375
27,3,0,5,0,1,0,0,3,1,0,1,1,0,0,44375
183,2,4,2,0,0,1,1,2,1,0,0,0,0,1,36325
24,2,1,2,0,1,0,0,3,0,1,0,1,1,0,29050
129,2,0,5,0,0,1,0,2,0,1,1,0,1,1,33475
143,2,0,4,1,0,0,0,1,1,0,1,0,0,1,42075
192,1,4,2,0,1,0,1,3,1,0,0,1,0,1,48000
193,1,4,5,1,0,0,0,2,0,0,0,1,1,0,42025
72,1,0,4,0,0,1,0,3,1,1,1,1,1,0,37500
35,1,4,1,0,1,0,1,2,0,0,0,0,1,1,34625
248,1,0,1,0,1,0,1,2,1,1,0,0,0,1,38450
244,2,2,1,1,0,0,1,2,0,0,1,1,1,1,65050
21,2,3,3,1,0,0,0,3,1,0,1,1,1,0,51475
242,2,1,2,1,0,0,1,1,0,1,0,1,0,0,51500
111,2,0,5,1,0,0,1,2,0,1,1,1,0,0,66475
240,2,1,4,1,0,0,1,3,1,0,0,1,0,1,59950
184,2,2,4,0,0,1,1,2,0,1,0,0,0,0,38350
53,3,2,1,1,0,0,1,2,0,1,0,1,0,1,51275
21,3,1,2,0,0,1,0,2,0,0,0,0,0,0,16275
43,3,1,3,0,1,0,1,1,0,1,1,1,1,1,52025
196,2,4,1,0,0,1,0,2,0,0,1,1,1,1,36350
17,3,3,1,0,1,0,0,2,1,0,1,0,0,1,33425
95,2,4,4,0,1,0,1,1,0,0,0,1,1,1,42325
195,2,0,5,0,1,0,1,1,0,0,0,0,0,0,38625
50,2,1,3,0,1,0,1,1,0,0,0,1,1,1,37700
108,1,4,4,0,1,0,0,2,0,0,1,1,1,0,41400
83,1,1,2,1,0,0,0,3,0,0,1,0,0,0,44075
167,3,4,5,1,0,0,0,1,0,0,1,0,1,0,48175
70,2,0,1,0,0,1,0,1,0,1,0,0,0,0,11750
25,2,3,3,0,1,0,0,1,0,0,0,0,1,0,19125
200,2,4,3,1,0,0,1,1,1,1,0,1,0,1,54200
92,3,2,4,0,0,1,1,2,1,0,0,0,1,0,36550
218,2,4,3,1,0,0,0,3,0,0,0,0,0,0,40700
74,3,0,5,0,0,1,1,3,0,0,0,1,1,0,43550
160,2,4,1,1,0,0,1,3,1,1,0,1,0,0,57700
205,2,1,1,1,0,0,1,3,0,0,0,0,1,0,50625
224,2,1,1,0,0,1,0,3,1,1,1,0,0,0,35350
205,2,2,2,0,0,1,0,3,1,0,1,1,1,1,40075
157,3,1,2,0,1,0,1,1,1,1,1,0,1,0,49425
166,3,4,5,0,1,0,0,1,1,1,0,1,0,0,33350
128,3,1,1,0,1,0,1,2,0,1,0,1,1,1,43400
142,3,0,3,0,0,1,0,2,0,0,1,0,1,1,31550
90,1,0,2,0,0,1,1,1,0,0,1,0,1,1,37500
31,3,1,4,1,0,0,1,1,1,1,0,1,0,1,50475
48,3,3,4,1,0,0,0,3,0,0,0,0,1,1,38450
230,2,1,2,0,1,0,0,1,1,1,0,0,1,1,23000
117,2,4,5,0,1,0,0,2,1,1,1,1,0,1,45875
89,3,1,4,0,1,0,0,3,1,1,1,1,0,1,46675
227,1,1,4,0,0,1,1,1,0,1,1,1,0,0,49875
78,2,3,2,0,1,0,1,3,0,1,1,1,0,1,58650
141,3,3,3,0,1,0,1,2,1,1,1,0,1,1,55275
152,1,3,1,1,0,0,1,2,1,0,1,0,0,0,57800
55,1,1,2,0,0,1,1,2,0,1,0,0,0,1,30375
28,2,1,2,0,1,0,1,3,1,1,1,1,0,0,56150
219,3,1,5,1,0,0,0,1,1,1,0,1,0,0,41425
88,3,2,2,0,1,0,0,3,1,0,0,1,1,1,31900
100,3,2,5,0,0,1,0,2,1,1,0,0,1,1,24250
10,1,2,3,0,0,1,0,3,1,1,0,0,1,1,20000
51,1,2,1,1,0,0,1,3,1,0,0,0,1,0,46275
82,3,4,1,1,0,0,1,1,0,1,1,0,0,0,57300
40,3,1,5,1,0,0,1,2,1,0,1,1,1,1,65950
160,1,2,1,1,0,0,1,2,1,1,0,0,1,1,46750
31,1,1,4,0,0,1,0,3,0,0,1,1,1,1,35725
198,2,4,4,0,0,1,0,2,1,0,0,0,1,1,24200
237,3,0,4,0,0,1,1,2,1,0,1,0,0,0,50425
66,3,1,5,0,0,1,0,3,0,0,1,0,0,0,36400
138,3,3,5,0,1,0,1,2,1,1,1,0,1,1,57700
68,2,2,3,1,0,0,0,2,0,1,1,0,1,1,44950
151,1,0,4,1,0,0,0,2,0,0,1,0,1,1,44025
179,2,4,2,0,1,0,0,1,1,1,0,1,1,1,28425
21,3,3,5,0,1,0,1,2,1,0,1,0,0,0,53525
110,2,1,2,0,0,1,1,3,0,1,0,1,0,1,41200
182,1,0,4,0,0,1,0,3,1,1,1,0,0,0,35800
5,1,2,3,0,1,0,1,1,1,0,1,1,0,0,47825
187,3,3,5,1,0,0,1,1,0,1,0,1,0,1,56875
202,2,0,1,1,0,0,0,1,1,1,0,0,1,0,29300
135,1,4,4,0,1,0,1,3,1,1,1,0,0,0,57625
114,2,4,4,1,0,0,1,1,1,1,0,0,1,1,48850
65,1,3,2,1,0,0,1,2,1,1,0,1,0,0,50825
208,3,4,5,0,1,0,0,2,0,0,1,0,0,1,43700
216,1,1,4,0,0,1,0,2,0,0,0,0,1,1,20650
40,1,1,4,0,1,0,1,3,1,1,1,0,0,0,53000
200,3,1,5,1,0,0,1,2,1,1,1,1,1,1,71200
86,1,2,4,1,0,0,0,1,0,1,0,0,1,1,29900
249,3,3,1,1,0,0,0,3,1,0,1,1,1,0,56175
200,3,3,1,0,1,0,1,1,0,1,1,1,0,1,54950
85,3,1,3,1,0,0,1,3,1,0,1,0,0,0,63625
70,1,1,1,0,1,0,1,2,0,0,0,0,1,1,33250
160,2,1,1,0,0,1,1,1,1,1,0,1,0,0,34450
43,3,3,1,1,0,0,0,1,1,1,1,1,0,0,45275
75,1,3,1,1,0,0,0,2,1,0,0,1,1,1,33575
154,1,3,5,1,0,0,1,2,0,0,0,0,1,0,50850
141,3,4,4,0,1,0,0,1,1,1,0,0,0,1,27025
196,1,3,2,0,0,1,1,3,0,0,0,0,0,0,37650
188,2,2,1,1,0,0,0,2,1,0,0,1,0,1,37150
39,3,1,4,0,1,0,1,2,0,1,0,0,0,0,40475
204,2,1,3,1,0,0,0,2,1,0,0,0,0,1,34850
25,3,3,4,1,0,0,0,2,0,0,0,0,1,0,34375
104,2,2,1,1,0,0,1,3,1,0,0,0,1,1,49100
111,1,0,4,0,1,0,1,2,0,1,0,1,1,1,42975
182,3,4,1,0,1,0,0,2,1,1,1,1,0,0,44000
168,3,0,3,0,1,0,1,1,0,0,1,1,0,1,53150
172,1,2,4,0,0,1,0,3,1,0,1,1,0,0,40250
195,1,2,4,1,0,0,1,1,1,0,0,1,1,1,51075
152,1,0,1,0,0,1,1,2,1,1,0,0,0,0,31050
95,2,0,4,0,1,0,0,2,0,0,1,1,1,1,39575
245,3,2,4,0,0,1,1,1,1,1,0,1,0,1,42575
221,2,1,3,1,0,0,0,1,0,1,1,1,0,1,48975
124,2,1,1,1,0,0,0,3,0,0,1,1,1,1,49800
50,1,1,1,0,1,0,0,2,0,1,1,0,1,1,30750
124,2,0,3,1,0,0,1,2,1,0,0,1,1,0,51550
122,2,2,2,1,0,0,0,2,1,0,0,0,0,0,32300
168,1,2,1,0,0,1,0,1,0,0,1,1,1,0,29150
36,3,0,2,1,0,0,0,2,0,0,1,0,0,1,41650
31,1,1,4,0,1,0,1,3,1,1,1,0,0,1,52775
222,1,4,3,0,0,1,0,2,0,0,0,1,0,1,26250
193,1,0,5,0,0,1,0,2,0,0,1,0,1,1,32325
197,3,2,2,0,1,0,0,1,0,0,0,1,1,1,27375
216,3,2,1,0,1,0,1,2,1,1,1,0,1,1,53900
228,2,1,5,1,0,0,0,2,1,0,1,1,1,0,54150
208,2,0,2,0,1,0,0,1,0,1,1,1,1,0,37650
63,1,0,2,0,0,1,0,3,0,1,0,0,1,1,18325
203,2,3,5,0,0,1,1,3,0,0,0,0,0,1,43075
141,2,3,3,0,1,0,1,1,1,1,0,0,0,1,38525
157,2,2,5,0,0,1,1,3,0,0,1,0,1,0,52925
100,3,4,1,1,0,0,1,3,0,0,0,1,0,1,56200
31,2,2,2,0,0,1,0,2,0,1,1,1,0,1,33225
73,2,4,4,0,0,1,0,2,0,0,1,1,1,0,37025
186,3,3,1,1,0,0,1,3,0,0,0,0,0,1,53150
70,2,2,4,0,1,0,0,1,0,1,0,0,1,0,22000
164,1,0,4,0,1,0,1,2,1,0,0,1,1,1,43300
57,3,1,4,1,0,0,1,1,0,0,0,0,1,1,45175
65,3,3,3,1,0,0,1,1,0,1,0,1,1,1,51325
125,1,2,4,1,0,0,0,2,0,0,1,0,1,1,44875
59,2,4,2,1,0,0,0,3,1,0,1,0,1,1,47475
22,2,0,1,1,0,0,1,3,0,1,1,0,0,0,58300
36,1,0,4,1,0,0,0,3,1,1,0,1,1,1,38850
90,2,1,1,0,0,1,1,3,0,0,0,1,1,1,38200
241,1,4,3,0,0,1,0,3,0,1,1,1,0,1,43225
16,2,1,4,0,1,0,0,1,0,0,1,1,0,1,34850
96,2,3,4,1,0,0,0,2,1,1,0,1,1,1,40600
179,1,3,3,1,0,0,1,3,0,0,0,0,1,0,52475
164,1,4,3,0,1,0,0,2,1,0,0,1,1,1,30050
116,1,3,1,0,1,0,1,3,0,0,1,1,0,0,55600
237,3,2,4,1,0,0,0,3,0,1,0,1,0,0,48125
6,2,1,2,0,1,0,0,2,0,0,0,0,1,0,19400
10,3,2,5,0,1,0,1,3,1,0,1,0,1,0,56000
108,1,4,2,0,0,1,0,1,0,0,0,1,1,0,18650
177,1,4,5,0,1,0,0,2,0,0,0,0,0,0,28175
135,3,3,1,0,1,0,0,3,1,0,0,1,0,1,32575
77,3,4,5,0,1,0,0,3,1,1,1,1,0,1,49875
53,3,4,3,1,0,0,0,2,0,0,0,1,1,1,39025
86,3,0,3,1,0,0,0,1,0,1,1,0,0,0,41900
116,3,0,3,0,0,1,0,1,0,1,1,1,1,1,33100
34,1,3,5,1,0,0,1,1,0,0,1,0,1,1,56100
61,2,2,1,1,0,0,0,1,1,0,1,0,1,1,37775
114,2,3,4,1,0,0,0,2,0,0,0,1,1,1,39550
116,2,4,5,1,0,0,0,1,1,0,0,1,0,0,38350
144,3,0,4,1,0,0,0,3,1,0,1,1,1,0,55050
171,2,1,2,1,0,0,1,1,1,0,1,0,1,1,56025
123,2,1,1,0,1,0,0,1,1,1,0,0,0,0,19075
223,1,0,3,0,0,1,0,1,0,1,0,0,0,0,16575
65,2,4,5,1,0,0,0,3,0,0,1,1,1,1,55575
110,2,4,3,0,1,0,1,2,0,0,1,1,1,1,56700
95,2,2,2,1,0,0,1,3,0,0,1,1,1,1,66075
163,3,3,2,0,0,1,1,1,0,1,0,1,1,1,38525
73,3,3,3,0,0,1,1,1,0,1,1,0,1,0,44825
40,2,2,1,0,0,1,0,1,1,1,0,0,1,0,12750
187,3,2,1,0,1,0,1,1,0,1,1,1,1,0,53875
132,3,4,2,1,0,0,1,1,1,0,1,0,0,0,58800
190,1,3,2,0,0,1,0,3,0,0,1,0,1,0,34250
171,2,2,3,1,0,0,0,1,1,0,0,1,1,0,35725
174,2,4,3,1,0,0,0,3,1,0,1,1,1,1,56050
24,1,1,1,0,0,1,0,2,1,1,1,0,0,0,25350
201,2,3,1,1,0,0,0,2,0,0,1,1,0,1,49725
26,1,1,5,0,0,1,1,1,0,0,1,1,1,1,44850
128,3,2,5,1,0,0,0,1,1,1,1,0,1,1,47200
204,2,1,1,0,0,1,0,1,1,1,0,0,1,0,16100
235,1,4,2,1,0,0,1,2,0,0,0,1,0,0,54325
8,2,3,2,1,0,0,0,3,1,0,0,0,0,1,33700
185,1,3,4,1,0,0,0,3,0,0,1,1,0,1,55075
76,1,2,2,0,0,1,0,2,0,0,0,0,1,1,15400
181,2,4,1,0,0,1,0,2,0,0,0,1,1,1,24225
163,3,2,2,1,0,0,0,2,1,0,1,0,1,1,46575
155,1,4,4,0,0,1,1,1,0,1,1,0,0,1,45875
67,2,0,4,0,1,0,1,1,1,1,1,1,0,1,51875
10,1,2,4,1,0,0,0,1,0,1,1,1,0,0,44200
144,3,2,4,0,1,0,1,2,0,0,0,0,0,0,42600
5,3,3,5,0,1,0,1,3,0,0,0,0,1,0,44625
174,3,2,4,0,0,1,0,3,0,0,1,1,1,1,43050
25,1,1,2,0,1,0,1,3,0,1,1,0,0,1,49875
233,1,3,3,0,0,1,1,3,1,1,1,1,0,1,57525
9,1,2,3,1,0,0,1,1,1,0,0,1,1,0,45175
206,2,3,2,0,1,0,1,1,1,1,1,1,1,0,55100
119,2,4,2,1,0,0,0,2,1,0,1,1,0,0,49925
223,1,3,4,1,0,0,0,3,1,0,0,1,0,1,44525
109,1,1,1,0,0,1,0,1,0,1,1,0,1,1,23725
206,3,0,4,0,1,0,1,2,1,1,0,0,0,0,44150
240,3,3,1,0,1,0,1,2,1,0,0,0,1,0,42250
68,2,2,1,0,0,1,1,1,1,1,1,0,1,0,40200
135,3,2,3,1,0,0,0,1,1,1,1,1,0,1,49325
245,2,1,5,0,0,1,1,3,0,0,1,0,0,1,54375
93,3,1,3,0,1,0,1,3,0,0,1,1,1,0,59025
86,3,2,2,0,1,0,1,2,1,0,1,0,0,0,50650
45,1,1,3,0,0,1,0,3,0,0,0,0,0,0,18625
247,3,1,5,1,0,0,1,3,0,1,0,1,0,0,63875
188,3,0,4,1,0,0,0,2,0,1,0,1,0,0,41900
10,2,0,2,1,0,0,0,1,1,1,1,1,0,0,41950
195,2,3,2,0,0,1,1,1,1,0,1,1,0,0,48575
112,2,1,3,1,0,0,1,1,0,1,0,1,0,0,49500
248,3,0,3,1,0,0,1,3,0,0,1,1,0,1,71150
37,1,1,1,0,1,0,1,2,0,0,1,0,0,1,44175
149,3,1,2,1,0,0,0,3,1,0,0,1,0,0,41675
126,1,4,1,0,0,1,0,1,1,0,1,1,0,1,29850
109,1,0,5,0,1,0,1,1,0,0,0,1,1,1,39425
235,1,2,3,0,1,0,1,3,0,0,0,0,0,0,44125
77,3,2,4,1,0,0,0,3,0,1,0,0,1,0,39675
49,1,3,2,0,1,0,1,1,1,0,1,0,0,1,43975
180,2,2,2,0,1,0,1,3,0,1,0,1,0,0,48700
240,2,0,5,0,1,0,0,3,1,1,0,1,1,1,37700
109,1,4,3,1,0,0,1,1,0,1,0,0,0,1,45725
227,1,4,1,1,0,0,0,1,1,0,0,1,1,1,34625
168,2,1,2,0,0,1,1,1,1,0,1,0,1,0,41950
5,1,2,4,1,0,0,0,3,1,1,0,1,1,0,39575
116,3,0,5,0,0,1,0,2,1,0,1,1,1,0,38100
16,2,2,2,0,1,0,1,2,0,1,0,0,1,0,36650
178,1,1,4,0,0,1,1,3,0,0,0,0,1,1,38200
92,2,1,3,1,0,0,1,3,0,0,0,0,0,0,50300
43,1,1,2,0,0,1,1,2,1,0,1,0,1,1,40825
178,2,0,4,0,1,0,0,1,0,1,0,1,1,1,27650
244,2,3,5,0,1,0,1,1,0,0,0,1,1,0,46550
26,3,2,2,0,0,1,1,2,0,0,1,1,1,1,48350
65,3,3,1,1,0,0,0,1,0,1,1,0,0,0,41125
103,2,3,4,0,0,1,0,3,0,0,0,1,0,1,28775
57,3,2,5,0,1,0,0,2,1,1,0,0,0,1,28175
138,3,1,4,0,1,0,1,3,1,0,0,0,0,0,45450
168,3,1,1,0,0,1,1,3,0,1,0,0,1,0,38450
241,1,0,4,1,0,0,0,3,1,0,1,0,1,1,50025
155,2,3,4,1,0,0,1,2,1,0,0,1,1,1,55825
238,3,3,5,1,0,0,0,1,0,0,1,1,1,0,53650
195,3,1,4,0,1,0,1,2,0,0,0,1,0,0,47575
35,3,1,5,0,0,1,1,1,1,1,1,1,1,0,49575
199,2,0,2,0,1,0,1,2,1,1,1,1,1,0,56175
248,1,1,2,0,0,1,0,3,0,0,0,1,1,0,26900
196,1,0,4,0,0,1,0,1,1,0,0,1,0,0,20600
204,2,2,5,0,0,1,0,3,0,1,0,1,0,0,33050
27,2,4,4,0,1,0,1,3,0,1,0,0,1,0,44425
219,2,0,1,0,0,1,0,2,1,0,0,1,0,0,22425
195,3,1,5,0,1,0,0,2,0,0,0,1,1,0,33825
249,1,1,4,0,0,1,0,3,1,0,0,1,0,0,29675
174,1,4,4,1,0,0,1,2,1,0,1,0,0,1,62850
61,1,2,3,1,0,0,0,2,0,1,1,1,1,1,47725
55,2,4,1,0,0,1,0,1,0,1,1,0,1,0,26125
220,3,2,3,0,0,1,1,1,1,1,0,0,0,1,36250
99,1,1,1,1,0,0,0,1,1,1,1,0,0,0,37725
154,2,2,5,0,1,0,0,2,0,0,1,0,0,0,39350
40,1,2,1,0,1,0,1,1,0,1,1,0,1,0,42750
108,1,3,4,0,1,0,1,1,0,0,1,0,0,0,47700
35,3,0,3,0,0,1,0,3,1,0,0,0,1,0,20875
106,1,4,3,1,0,0,1,3,1,1,1,1,0,1,69100
216,3,2,2,0,1,0,0,1,1,0,1,0,1,1,35400
218,2,4,1,1,0,0,0,1,1,0,0,0,1,0,31450
2,1,2,2,0,1,0,0,1,1,0,1,0,0,0,27050
225,2,0,4,0,0,1,0,1,0,1,1,0,0,0,31125
215,3,0,2,0,0,1,0,1,1,1,1,0,0,0,30125
126,3,0,3,0,1,0,0,1,1,1,1,0,1,1,34150
180,3,4,3,0,1,0,1,1,1,0,1,1,0,0,56700
245,3,0,5,0,1,0,1,1,0,1,0,1,0,1,47075
87,3,3,3,0,1,0,1,2,1,0,0,1,1,0,45375
236,1,1,5,0,0,1,0,2,1,1,0,1,1,1,28350
20,3,4,4,0,1,0,1,1,1,1,1,1,1,1,55200
107,1,0,2,1,0,0,0,2,0,0,0,0,1,0,28675
189,1,2,3,0,0,1,0,3,1,0,0,1,1,0,27675
142,2,2,5,0,0,1,1,2,0,0,1,1,1,0,53500
162,2,1,1,0,1,0,0,2,0,1,1,1,0,0,39500
21,2,3,3,1,0,0,1,1,1,0,1,0,1,1,55025
144,1,1,1,0,0,1,1,3,0,1,1,0,1,1,46600
172,1,2,1,0,1,0,1,3,1,0,0,0,0,1,40300
55,2,1,3,1,0,0,1,1,0,0,0,1,1,0,46825
101,3,0,2,0,0,1,1,3,0,0,0,0,0,1,36025
169,2,4,3,0,0,1,1,2,1,0,1,1,1,1,53425
182,2,0,1,0,1,0,1,3,0,1,0,1,1,0,46000
184,2,1,5,0,1,0,1,3,0,1,1,0,1,1,59100
135,1,3,4,0,0,1,1,1,0,0,1,0,1,1,43375
137,1,3,3,0,1,0,1,1,1,0,1,1,1,1,51875
3,3,3,2,1,0,0,1,3,0,1,1,1,0,0,67275
203,1,0,1,1,0,0,0,1,0,1,0,0,0,0,27575
10,1,4,5,0,1,0,0,3,0,1,0,0,0,0,28750
52,3,1,2,0,1,0,1,2,0,0,1,1,1,0,53250
144,1,2,1,0,0,1,1,1,0,0,0,0,0,1,27350
175,3,3,3,0,0,1,1,1,1,1,1,0,1,0,47625
105,2,2,2,1,0,0,1,3,1,0,1,1,1,1,66575
245,2,3,4,0,1,0,1,2,0,0,1,1,1,0,60575
42,2,2,2,0,1,0,1,3,0,1,1,1,1,1,57000
203,1,3,2,0,1,0,1,3,1,0,0,1,1,0,47525
249,1,2,5,0,1,0,0,3,1,0,1,1,0,1,48425
16,3,1,2,0,0,1,0,3,0,1,0,1,0,0,25350
110,2,0,4,0,1,0,1,3,1,1,0,1,0,1,48200
95,2,0,4,0,1,0,0,3,0,0,0,0,1,1,26875
134,2,1,5,0,0,1,0,1,0,0,1,0,0,1,29600
101,2,4,1,0,0,1,0,1,1,1,1,1,1,0,31975
111,3,2,1,0,0,1,0,2,0,1,1,0,0,0,31025
135,3,4,5,0,1,0,0,2,0,0,1,1,1,1,46325
138,1,4,5,0,0,1,1,1,1,1,0,0,1,0,35200
154,2,1,1,0,1,0,1,2,0,1,1,0,1,0,49850
189,1,0,3,0,0,1,0,2,0,1,0,1,0,0,23675
219,2,0,2,1,0,0,1,1,0,0,1,1,0,0,60675
205,3,0,3,0,0,1,1,1,1,0,0,1,1,1,37575
167,3,3,3,0,1,0,1,3,1,1,1,1,1,1,63875
115,3,0,5,0,0,1,1,1,0,1,1,1,1,1,50575
214,3,1,5,0,1,0,1,1,1,1,1,0,1,0,54600
37,2,0,4,0,0,1,1,2,0,0,1,1,1,0,48125
153,1,2,1,1,0,0,1,2,1,1,0,0,0,1,46575
217,3,4,4,0,0,1,1,3,1,1,0,1,0,1,50375
136,3,2,4,1,0,0,0,3,0,1,1,0,1,0,52900
132,2,0,4,0,1,0,0,2,1,1,0,1,0,0,30250
57,2,1,2,1,0,0,0,2,1,1,0,1,1,0,35625
7,2,0,5,0,1,0,0,1,0,1,0,0,0,1,20175
70,3,2,1,0,0,1,1,1,0,0,1,0,0,0,40250
35,2,3,4,0,0,1,0,3,0,0,0,1,0,1,27075
211,3,4,1,1,0,0,1,2,1,1,0,1,0,1,56975
229,3,2,1,1,0,0,1,1,0,0,0,0,0,1,46475
75,2,3,1,0,1,0,0,1,1,0,0,1,1,1,22575
189,1,0,3,1,0,0,0,3,1,1,1,0,1,1,48725
196,1,1,4,0,1,0,0,3,1,1,1,1,1,0,46350
61,2,2,5,0,0,1,0,3,0,0,0,1,1,1,28225
214,3,4,5,0,0,1,1,1,0,0,0,0,1,0,38600
214,1,2,4,0,1,0,0,3,1,1,1,1,1,1,47550
222,2,2,4,0,1,0,0,1,1,0,0,0,1,0,24800
29,2,3,4,0,0,1,1,1,0,1,0,0,1,1,31725
153,1,2,3,0,0,1,1,1,1,1,0,1,0,0,36025
100,3,4,3,1,0,0,1,2,0,0,0,0,1,1,50750
72,3,2,5,1,0,0,1,3,1,0,0,1,1,0,59250
176,3,1,3,0,0,1,1,2,1,1,0,1,0,1,42350
213,2,4,2,0,1,0,1,2,1,1,1,1,0,0,59525
46,1,1,1,0,0,1,0,1,0,0,1,0,1,1,20900
53,3,3,2,1,0,0,1,1,1,1,0,1,1,1,50025
147,1,3,4,0,1,0,0,1,1,1,0,0,0,0,23425
174,2,2,3,1,0,0,0,2,1,0,1,0,1,0,46600
14,1,3,1,1,0,0,1,3,0,1,0,1,1,1,51550
66,3,4,1,1,0,0,1,2,1,0,0,1,0,1,52100
193,1,3,5,0,0,1,0,1,0,1,0,0,0,0,20575
30,2,4,2,0,0,1,0,1,1,0,1,0,1,0,25750
186,1,0,3,1,0,0,0,3,0,1,0,0,0,1,36650
241,2,3,2,1,0,0,1,1,1,1,0,1,1,0,53225
152,2,2,2,0,0,1,0,2,0,0,1,0,1,0,30550
185,1,2,3,1,0,0,1,1,1,1,0,0,1,1,46375
134,1,0,1,1,0,0,0,2,1,0,1,1,1,0,44550
109,2,0,4,1,0,0,0,1,1,1,1,1,1,1,46925
84,1,0,5,0,1,0,1,2,0,1,1,1,1,1,55300
203,2,2,4,0,1,0,0,2,1,1,1,1,0,0,45275
22,1,2,3,1,0,0,0,3,0,1,0,1,1,0,38500
66,2,4,4,1,0,0,1,3,0,0,1,1,1,0,69350
95,2,4,3,0,0,1,1,1,1,1,1,0,0,1,44875
223,3,1,5,0,1,0,0,3,1,0,1,1,1,0,50025
37,2,4,4,1,0,0,0,1,0,1,1,0,0,1,43425
126,2,0,3,1,0,0,0,2,1,1,0,1,0,1,37850
36,3,4,5,0,1,0,1,2,0,1,1,0,0,0,55650
110,1,3,4,0,1,0,0,2,1,1,1,1,1,1,42200
6,1,4,4,1,0,0,1,3,1,1,0,0,1,0,51650
25,2,0,4,0,0,1,1,3,0,1,1,1,1,1,52575
71,1,1,2,1,0,0,0,2,1,0,1,0,1,0,40525
198,3,1,5,1,0,0,1,3,0,1,1,0,1,0,69950
62,2,0,3,0,1,0,0,2,1,1,0,1,0,1,27250
138,3,2,2,1,0,0,0,2,0,0,0,0,1,0,33950
243,1,3,3,0,0,1,1,1,0,1,0,0,0,0,34325
13,3,4,1,0,0,1,0,1,1,0,0,0,1,0,13825
87,3,2,4,1,0,0,1,3,1,1,0,1,1,0,59625
95,3,3,5,0,0,1,0,2,0,1,0,1,0,0,29075
31,2,4,3,0,1,0,1,2,1,0,1,0,1,1,50525
171,1,1,1,1,0,0,1,3,0,0,1,1,0,1,64475
100,2,4,2,0,1,0,1,1,1,0,0,0,0,0,35750
147,2,0,4,0,0,1,0,3,1,1,0,0,1,0,24675
227,3,3,2,1,0,0,0,3,0,0,0,0,0,1,40425
23,2,0,4,0,0,1,1,1,1,0,1,1,0,0,44525
223,3,0,1,0,0,1,0,3,1,1,1,1,1,0,40525
11,2,2,4,0,1,0,0,3,1,1,0,0,0,1,27775
234,2,0,1,1,0,0,1,1,1,1,1,1,1,0,61300
41,1,2,5,1,0,0,1,1,1,1,1,0,1,0,57025
246,3,4,1,0,0,1,1,1,0,1,0,0,1,0,35650
76,3,3,3,0,0,1,0,1,0,0,1,1,0,0,33100
208,2,4,4,0,1,0,1,2,0,1,1,0,0,0,57200
69,3,1,4,0,0,1,1,1,0,1,1,0,0,0,44475
199,3,3,5,0,1,0,1,2,0,1,0,1,1,1,51675
105,2,4,1,0,1,0,1,1,0,1,0,1,0,1,40075
64,3,3,2,0,0,1,1,1,1,1,1,0,0,1,43600
25,2,1,4,0,1,0,0,2,1,1,0,0,0,1,23875
222,1,0,1,0,0,1,0,1,0,0,0,1,1,1,17250
150,3,4,4,0,0,1,1,1,1,0,1,1,0,0,52200
18,2,2,3,1,0,0,0,1,0,0,0,1,1,1,31650
131,2,2,5,1,0,0,1,2,1,0,1,0,0,0,63025
76,2,1,2,0,1,0,1,3,0,1,1,0,1,0,52650
126,3,3,1,0,1,0,0,1,0,1,0,0,1,0,21900
155,3,0,3,1,0,0,1,1,1,1,0,1,0,0,51575
16,1,0,3,0,0,1,0,1,0,0,0,1,0,1,14600
235,1,1,5,0,0,1,0,1,0,0,0,0,1,1,18875
90,2,4,1,0,0,1,1,2,1,1,1,0,0,1,45750
176,3,3,3,0,0,1,1,3,0,0,0,1,1,0,45850
163,3,3,1,0,1,0,1,1,0,0,0,1,0,1,41025
183,3,0,5,0,0,1,1,2,0,1,1,1,0,0,55775
236,3,2,1,1,0,0,1,3,0,0,0,0,1,0,53650
46,3,2,4,0,1,0,1,2,1,0,0,0,0,1,40400
78,3,2,5,0,0,1,0,2,0,1,0,0,1,0,23450
14,2,4,3,0,0,1,1,2,0,0,0,1,0,0,37550
152,2,4,4,1,0,0,0,2,1,0,1,0,0,0,48800
119,2,0,4,0,1,0,0,2,0,0,1,1,1,1,40175
36,3,3,1,1,0,0,1,1,0,0,0,1,1,1,46850
8,2,4,1,0,1,0,0,2,0,0,0,1,0,0,24900
152,3,0,2,1,0,0,1,3,0,1,1,1,1,0,68750
32,3,1,5,1,0,0,0,2,0,0,0,0,0,1,34300
130,2,0,1,1,0,0,1,2,0,0,1,0,0,1,56250
84,3,2,3,1,0,0,1,3,0,1,0,0,0,1,53600
65,3,0,1,0,1,0,1,2,1,0,0,1,0,1,40075
143,2,4,5,0,1,0,0,3,1,1,0,1,0,1,38275
217,1,4,5,0,1,0,0,3,1,0,1,1,0,0,49125
195,2,4,2,1,0,0,1,3,0,0,0,1,0,1,58325
143,3,3,3,0,1,0,0,3,1,0,1,0,1,0,42575
32,1,4,4,1,0,0,0,2,1,0,1,0,0,0,44300
9,1,3,5,1,0,0,0,1,1,1,0,1,0,1,34675
162,2,2,2,0,1,0,0,3,1,1,1,1,1,0,45250
124,1,1,4,0,0,1,0,3,1,1,1,1,0,1,39550
63,1,4,4,0,1,0,1,3,0,1,0,0,0,0,43825
228,3,1,4,1,0,0,1,2,1,1,0,1,0,1,58900
170,3,4,2,1,0,0,1,2,1,1,0,1,0,1,57200
155,2,0,1,0,1,0,1,3,0,0,1,0,1,0,51375
24,3,2,4,0,1,0,0,1,1,0,0,0,1,0,21350
64,2,0,2,0,1,0,1,3,0,1,1,0,1,1,51600
93,1,2,5,0,0,1,0,3,0,0,0,1,0,1,27525
154,2,1,3,0,0,1,1,3,0,1,1,0,1,1,50850
184,2,3,5,1,0,0,0,1,1,1,0,1,0,0,40550
87,1,3,1,1,0,0,1,2,0,0,0,1,1,0,48625
97,3,3,1,0,1,0,1,1,0,1,0,0,0,1,36175
209,3,0,2,1,0,0,0,1,1,0,1,1,0,1,47175
45,1,0,3,1,0,0,0,2,0,1,1,1,1,1,45825
123,3,0,3,0,0,1,1,1,1,0,1,0,0,1,42825
82,3,2,3,0,1,0,0,3,1,0,1,1,1,0,44750
134,2,0,2,1,0,0,1,1,1,1,1,0,1,0,55600
175,1,4,4,0,1,0,1,2,1,1,1,0,1,0,55125
15,1,1,3,0,1,0,0,1,1,0,0,0,0,0,16125
9,3,0,3,1,0,0,0,2,0,0,1,0,0,0,42225
25,1,4,1,0,0,1,1,1,1,1,1,0,0,1,39125
185,3,4,3,0,0,1,0,1,0,0,0,1,0,1,24825
63,2,1,4,0,1,0,1,1,0,1,1,1,0,1,52275
186,1,4,2,1,0,0,0,3,0,0,1,0,0,0,48900
218,2,1,5,0,1,0,1,2,0,0,0,0,1,0,43450
168,3,2,5,0,0,1,1,1,1,0,0,0,1,1,36200
236,3,4,2,0,1,0,1,1,1,1,1,0,1,1,53650
14,3,2,4,0,0,1,0,3,1,0,0,1,0,0,27550
87,2,2,5,0,1,0,0,1,0,1,0,0,0,1,23675
84,2,4,1,0,1,0,0,3,0,0,0,1,1,0,30300
174,3,4,1,0,0,1,0,3,1,1,0,0,0,0,26100
74,2,1,1,1,0,0,0,2,0,1,1,0,1,1,41850
161,3,3,5,0,1,0,0,3,0,1,1,0,0,1,46525
78,2,3,5,0,1,0,1,3,0,1,1,1,0,1,62400
64,1,3,2,0,0,1,1,3,1,1,1,1,0,0,52050
35,3,1,5,1,0,0,1,1,0,1,1,1,0,0,63325
246,1,2,2,0,0,1,0,2,1,0,0,0,0,1,19900
166,3,3,5,1,0,0,1,3,0,0,0,1,0,1,62100
33,2,0,1,1,0,0,0,1,1,1,1,1,0,0,41275
164,2,2,3,0,0,1,1,2,0,0,0,1,1,0,39800
115,1,4,5,1,0,0,0,2,1,0,0,1,1,1,40325
144,3,1,2,0,0,1,0,2,1,0,1,1,1,1,35800
178,1,0,5,0,1,0,1,3,0,0,0,1,1,0,48150
168,2,4,3,0,0,1,1,1,1,0,0,1,0,0,38150
1,2,3,3,0,0,1,0,1,0,0,1,0,0,1,25275
242,1,2,3,0,0,1,1,1,1,0,1,1,1,1,48750
114,2,0,1,1,0,0,1,2,1,1,1,0,0,0,57350
2,3,3,2,0,0,1,1,1,0,1,1,1,0,1,46250
67,1,2,1,0,1,0,1,2,0,0,0,1,0,0,38375
140,2,4,4,0,0,1,0,2,0,0,0,0,0,0,22500
209,3,2,1,0,0,1,0,1,0,1,0,0,1,1,18225
65,2,2,5,0,1,0,1,3,1,0,0,1,0,1,48575
112,3,1,5,0,0,1,1,1,0,0,0,0,1,1,33800
82,2,3,2,1,0,0,0,1,1,0,0,0,0,0,28550
77,2,1,2,1,0,0,1,2,0,0,0,1,0,0,49625
185,3,2,5,1,0,0,1,3,0,1,1,0,1,1,70375
19,1,1,2,0,1,0,0,3,1,1,1,1,0,1,39425
9,2,4,2,0,0,1,0,2,1,0,0,1,1,1,21425
35,2,3,2,1,0,0,0,1,1,0,1,1,1,1,43575
124,2,2,4,0,1,0,0,3,0,1,1,0,1,1,42100
44,3,2,1,0,1,0,0,2,1,0,0,0,1,0,21600
125,2,1,3,0,1,0,1,2,1,0,0,0,1,1,38875
65,3,4,2,0,1,0,1,2,0,0,0,0,0,1,39625
4,1,1,4,0,0,1,1,1,0,1,0,0,1,1,28100
67,2,3,4,1,0,0,0,3,0,0,0,0,1,1,37425
111,3,4,1,1,0,0,1,1,0,0,0,1,0,0,49475
222,1,1,1,1,0,0,1,3,0,1,1,1,0,1,67000
46,3,0,4,0,1,0,1,2,1,0,0,0,1,0,38900
49,2,3,5,0,0,1,0,1,1,0,0,1,1,1,21925
15,2,1,1,0,1,0,1,2,1,1,0,0,1,1,34875
93,1,4,1,1,0,0,0,2,0,0,1,1,0,1,46275
69,1,0,5,0,1,0,1,1,1,0,0,1,1,0,38675
129,1,2,4,0,1,0,1,3,0,1,0,0,1,1,43975
153,3,3,1,1,0,0,0,1,0,0,1,1,0,1,46525
1,3,3,1,0,1,0,0,3,0,1,1,0,0,0,37525
94,3,0,1,0,0,1,0,1,0,0,0,1,0,1,17050
29,1,1,5,1,0,0,0,1,0,0,0,0,0,0,27725
84,1,4,2,0,0,1,1,3,1,1,0,0,1,1,37100
82,3,4,1,0,1,0,1,3,0,1,0,1,1,1,48000
25,2,0,1,0,0,1,1,3,1,1,0,1,1,1,37325
122,1,3,1,0,1,0,0,1,0,0,0,0,0,0,17550
41,2,0,4,0,0,1,1,2,1,0,0,1,1,1,36725
136,1,4,1,0,0,1,0,2,0,1,0,1,0,1,22850
169,2,3,1,0,1,0,0,3,1,0,0,1,1,0,31925
83,1,2,4,0,1,0,0,2,0,1,1,1,1,1,40525
90,3,1,5,1,0,0,0,1,1,1,1,1,0,0,49950
3,2,4,2,1,0,0,0,1,0,1,1,0,0,0,40075
166,1,1,3,0,1,0,1,1,0,0,0,0,0,0,34650
244,2,1,3,0,0,1,1,1,0,1,0,0,0,0,34350
224,3,1,5,0,0,1,1,1,0,1,1,1,1,0,54050
59,2,0,5,0,1,0,0,1,1,1,0,1,1,1,26175
150,2,2,4,0,1,0,0,2,1,0,0,0,0,0,26500
74,3,3,2,0,1,0,0,2,1,1,1,0,0,1,37350
204,3,1,3,0,0,1,1,3,1,0,1,1,0,0,57050
184,3,3,3,0,0,1,0,1,1,1,1,1,0,1,37300
220,1,3,4,0,1,0,0,1,0,1,0,0,1,1,25000
22,3,1,2,0,0,1,0,3,1,0,1,1,0,1,36250
103,1,0,2,0,1,0,1,2,0,0,0,0,0,0,34575
234,2,4,3,1,0,0,0,1,1,0,0,1,1,1,38800
198,2,4,5,0,0,1,1,3,0,1,1,1,0,1,61150
86,1,1,4,0,1,0,1,3,0,0,1,1,1,0,57100
173,3,1,1,0,0,1,1,1,1,0,0,1,1,1,35025
79,2,2,3,1,0,0,1,2,1,1,1,0,1,0,60475
32,3,3,1,0,1,0,0,1,0,1,0,1,1,0,24000
18,3,0,3,1,0,0,0,3,0,1,0,1,1,1,39900
1,2,0,2,1,0,0,1,2,0,1,0,0,0,0,43775
64,1,3,4,0,1,0,0,2,0,1,0,0,0,0,24600
176,2,1,4,0,1,0,1,2,1,1,0,0,0,0,42650
193,2,3,2,1,0,0,0,3,1,1,0,0,0,1,39575
194,3,0,4,1,0,0,0,2,0,0,1,0,0,0,48100
222,2,1,3,0,1,0,1,2,0,1,1,0,0,0,54050
206,2,4,1,0,0,1,0,1,1,1,0,0,0,1,18400
232,3,0,5,0,0,1,1,2,0,0,0,1,1,1,44000
77,3,4,2,0,0,1,0,1,1,0,1,1,0,1,32875
128,2,3,3,1,0,0,0,1,0,1,0,1,1,1,36400
211,2,2,5,0,0,1,0,1,1,1,1,1,0,0,38225
61,1,0,3,0,0,1,1,1,1,0,0,1,0,1,30975
105,2,4,3,0,1,0,0,3,1,0,1,0,0,1,40875
97,3,4,1,0,0,1,0,3,0,1,0,0,1,1,23925
177,2,1,4,0,0,1,0,2,0,1,1,1,1,0,38625
11,1,0,5,1,0,0,1,1,0,0,0,0,0,0,41525
36,1,2,3,0,1,0,0,2,0,1,1,1,1,1,38100
115,2,4,2,0,0,1,1,3,0,0,0,1,0,1,42325
38,1,4,3,1,0,0,0,1,0,1,0,1,1,0,33400
81,2,4,2,1,0,0,0,1,0,0,0,0,0,1,29025
221,1,0,4,0,0,1,0,2,1,1,0,1,0,0,25975
85,2,0,3,0,1,0,1,3,0,1,0,0,0,1,41625
28,2,3,5,0,0,1,1,3,1,1,1,0,1,1,51950
97,2,2,1,0,1,0,0,2,0,1,0,0,0,0,22425
86,1,0,5,1,0,0,0,2,0,0,1,0,0,0,43650
3,2,1,5,0,0,1,1,1,1,0,0,0,0,1,29825
95,3,4,3,0,0,1,0,1,0,0,1,0,0,0,29875
73,1,3,3,0,0,1,1,2,1,1,1,0,1,0,45575
173,1,1,4,1,0,0,1,2,1,1,0,0,1,1,50075
26,3,2,5,0,0,1,1,1,1,1,1,0,1,0,45650
87,1,1,1,0,0,1,0,2,0,1,1,1,1,0,31125
209,1,4,2,1,0,0,1,1,0,0,1,1,0,0,61925
245,1,0,5,0,1,0,1,1,0,0,1,1,0,0,54575
188,3,1,1,1,0,0,1,1,0,0,1,1,0,0,60900
61,1,4,2,1,0,0,0,3,0,1,0,1,1,1,39725
123,3,2,3,0,1,0,1,2,0,0,0,0,1,1,40825
235,2,4,4,0,0,1,0,2,1,1,0,0,0,1,26375
96,3,1,1,0,0,1,0,3,0,0,1,0,0,1,32150
131,3,3,1,0,0,1,1,1,0,0,0,1,0,1,35225
160,2,3,4,0,1,0,0,2,0,0,1,0,1,0,39000
184,2,0,4,0,1,0,1,1,0,0,1,0,1,1,48850
212,2,2,1,0,1,0,0,1,0,1,1,1,0,0,38000
92,2,3,3,1,0,0,0,1,0,1,1,0,0,0,42800
113,3,4,4,1,0,0,0,3,0,1,0,1,0,1,46525
201,3,2,2,0,1,0,0,3,0,0,0,1,0,0,34475
126,1,1,2,0,0,1,1,3,1,1,0,1,1,0,40350
122,1,2,2,1,0,0,1,3,0,0,1,0,1,0,60800
214,3,3,1,0,1,0,0,3,1,0,1,1,0,1,46300
195,2,0,3,0,1,0,0,2,0,1,0,1,1,1,30325
236,1,1,3,0,1,0,0,3,1,0,0,1,1,1,33100
93,3,3,4,0,0,1,0,2,1,0,1,0,1,1,34075
99,2,2,4,0,1,0,0,2,0,1,1,0,0,1,37975
81,1,1,3,0,1,0,0,2,1,0,0,1,0,1,25725
82,1,3,3,1,0,0,0,3,1,1,0,1,0,0,41000
99,1,0,1,0,0,1,1,1,0,0,1,0,0,1,36475
157,2,1,3,0,1,0,1,1,0,0,0,0,0,1,35925
117,2,0,5,0,0,1,0,2,1,1,1,0,1,1,33425
174,2,1,3,0,1,0,1,1,0,0,0,0,0,0,36350
124,3,1,4,0,0,1,0,3,1,1,0,1,1,1,30800
94,3,3,3,0,1,0,1,2,0,1,1,1,0,1,58300
54,2,0,3,0,1,0,0,1,1,0,0,1,0,0,22300
14,3,4,3,1,0,0,0,1,1,1,0,1,0,0,36050
22,2,4,5,1,0,0,0,2,1,0,1,1,1,1,51250
104,2,0,1,0,0,1,0,1,1,0,1,0,0,1,23350
22,1,1,5,0,1,0,0,1,1,1,0,1,1,0,24500
36,1,1,2,1,0,0,1,3,1,1,1,1,1,1,63850
133,2,0,2,0,1,0,1,1,1,1,1,1,1,1,51025
233,3,0,4,1,0,0,0,3,0,0,1,1,1,1,57025
191,3,0,5,0,0,1,1,1,1,1,0,0,0,1,36525
228,2,2,4,0,0,1,1,2,0,1,0,0,1,1,39450
212,3,1,4,0,1,0,1,3,1,0,1,0,1,1,59050
148,2,3,5,0,1,0,0,2,1,1,0,1,1,0,34150
103,2,0,3,0,1,0,0,3,1,1,0,0,1,0,27325
243,1,3,4,1,0,0,0,2,0,1,0,0,1,0,38075
163,2,0,2,0,1,0,1,1,1,0,0,0,1,0,34325
236,1,4,5,0,1,0,0,1,1,0,0,1,0,0,30850
63,3,3,3,0,1,0,0,2,0,0,0,1,0,1,29525
24,3,3,2,1,0,0,0,2,1,0,0,0,1,1,32100
18,3,1,2,1,0,0,0,1,1,1,1,1,1,0,44400
201,2,2,2,0,1,0,0,3,0,1,1,1,1,0,45975
154,1,3,3,1,0,0,0,3,0,1,1,0,1,1,49850
164,3,3,1,0,1,0,1,1,0,0,0,0,0,0,36600
108,2,1,2,1,0,0,1,1,0,1,1,0,1,1,55450
10,1,4,2,0,0,1,0,2,1,0,1,1,1,0,31700
241,2,4,1,1,0,0,1,2,1,0,0,1,1,1,54975
246,1,1,1,0,0,1,0,2,1,0,1,0,1,0,29650
183,3,2,1,0,1,0,1,1,1,1,1,1,1,1,54025
101,1,4,3,0,0,1,0,3,0,1,1,1,0,0,39725
51,2,2,2,0,1,0,0,3,0,0,0,1,0,1,29225
80,1,4,3,0,0,1,1,1,1,1,0,1,1,0,35700
90,3,4,3,1,0,0,0,3,0,0,0,1,1,1,43450
6,1,3,3,1,0,0,0,3,1,1,1,0,0,0,46400
20,2,3,3,0,1,0,1,2,1,0,0,1,0,0,42200
11,1,3,2,0,0,1,1,3,0,1,0,0,0,1,34275
214,3,0,1,0,1,0,0,2,1,1,0,1,1,1,30050
222,2,2,2,0,1,0,1,1,0,1,0,0,1,0,38300
119,2,2,2,0,0,1,1,3,0,0,1,0,0,0,48225
206,3,0,2,0,0,1,1,2,1,1,1,1,0,0,52850
31,1,0,4,1,0,0,0,3,1,0,0,0,0,0,33025
127,1,4,3,0,1,0,0,1,1,1,0,1,1,1,26875
18,1,2,1,0,1,0,1,2,0,0,0,1,0,0,37150
80,3,4,4,0,0,1,1,3,1,1,1,0,0,1,54250
16,2,4,2,0,1,0,1,1,0,1,1,0,1,1,46400
136,3,2,4,1,0,0,0,1,0,1,1,0,1,1,45900
81,3,2,1,1,0,0,0,3,1,1,0,0,1,0,36275
107,2,0,2,0,0,1,0,2,0,1,0,1,0,0,21875
202,1,1,3,1,0,0,1,3,0,0,0,0,0,1,51550
233,1,0,1,1,0,0,1,2,1,1,1,1,1,0,63275
153,3,0,1,0,1,0,1,3,0,0,1,1,1,0,57275
206,2,0,1,0,0,1,0,2,1,0,0,0,1,1,17650
94,1,4,2,0,0,1,1,3,1,1,1,0,1,1,49100
103,3,0,4,0,0,1,0,2,1,1,0,0,0,0,21575
138,1,3,4,0,0,1,0,3,1,1,1,1,1,0,41400
64,3,1,1,0,0,1,1,3,0,0,1,1,0,1,50800
117,2,3,1,0,0,1,0,2,0,1,1,1,0,1,34875
163,1,2,2,0,0,1,0,3,0,1,1,1,0,0,38525
71,2,0,5,0,0,1,0,3,0,1,1,0,0,1,35525
144,3,0,5,0,1,0,1,1,0,0,0,1,1,0,43300
66,1,0,2,0,1,0,1,3,1,0,1,1,1,1,53600
158,1,1,4,1,0,0,0,3,1,0,1,0,1,0,48700
192,3,4,2,0,1,0,0,2,0,1,0,1,0,1,33500
73,3,0,3,1,0,0,0,3,0,0,0,0,0,0,35575
229,2,2,4,0,0,1,1,2,0,1,0,0,0,1,39475
211,2,1,1,0,0,1,0,3,1,1,1,0,1,0,35025
226,3,2,3,1,0,0,1,3,0,1,1,0,0,1,68900
181,3,3,4,0,1,0,0,3,1,0,1,0,0,0,44775